USO,GOOG,SLV,GLD,DJIA,FLWS,S&P 500,UNG,AAPL
0.09,-4.37,2.18,0.02,-0.08,-5.39,5.77,-0.03,-0.1
-0.07,-4.78,1.49,3.63,-0.98,-18.29,-30.66,0.45,1.09
0.24,-8.56,0.62,1.34,-0.95,-8.49,-15.38,-0.01,0.33
0.17,-5.58,18.63,-0.75,0.02,3.51,9.82,0.18,-0.01
0.36,-1.39,10.5,-0.44,0.58,1.1,-1.01,-0.11,0.1
0.53,-0.15,-4.19,0.35,-0.38,-4.68,1.33,-0.36,0.15
0.07,-2.83,-2.85,2.08,-0.64,4.13,-1.94,0.33,0.44
-0.26,-4.39,1.18,0.15,0.22,-4.39,7.05,-0.14,0.07
-0.33,-8.12,-2.77,-0.36,-0.52,-8.42,-10.5,-0.14,-0.09
0.17,-0.39,4.76,-0.81,-0.12,-0.87,8.19,-0.07,-0.05
-0.13,3.13,4.53,-0.38,0.73,3.57,14.04,-0.23,-0.13
0.17,9.22,0.93,-1.23,0,17.45,22.26,-0.29,-0.12
0.65,-5.24,-2.46,0.2,-0.28,-2.03,3.2,-0.12,0.13
-0.23,5.46,3.36,0.17,-0.49,-1.96,1.77,-0.11,-0.03
-0.17,-2.63,6.99,0.02,0.07,-4.99,-0.08,0.18,-0.08
-0.17,-1.64,5.69,0.67,0.68,4.34,1.96,-0.2,0.02
0.16,-6.17,-2.2,0.97,0.58,5.04,16.81,-0.42,0.07
-0.46,-4.36,1.58,-1.69,-0.51,-10.12,-2.78,-0.16,-0.12
0.35,-6.9,-7.01,1.01,-0.21,-4.24,3.33,-0.07,0.23
-0.4,8.7,-3.15,1.19,-0.01,1.12,1.47,0.21,0.2
-0.16,9.99,-8.15,0.22,0.24,5.94,7.52,0.06,0.06
0.41,-8.31,-1.62,-0.1,0.36,8.32,22.09,0.61,-0.04
0.22,-2.45,0.61,-1.72,-0.2,3,2.42,-0.14,-0.69
-0.29,-7.52,3.68,0.13,-0.3,-6.44,-14.95,0.23,0.07
0.3,0.39,2.43,0.1,0.08,2.91,13.38,0.11,0.13
0.26,3,-1.14,0.61,-0.25,4.93,-3.17,-0.09,0.04
-0.33,7.24,4.34,-0.02,0.03,17.61,11.59,-0.08,0.13
0.18,2.54,1.13,-0.2,-0.06,1.06,12.86,-0.27,-0.1
0.4,-5.76,8.75,-0.22,0.08,9.43,11.16,-0.19,0.03
0.12,5.88,-5.06,0.42,0.24,6.26,10.5,-0.03,-0.02
0.51,3.48,-2.97,0.01,0.3,13.24,23.95,0.05,-0.11
-0.09,6.53,-0.06,0.04,1.12,3.93,18.19,0.24,0.07
0.31,-7.89,8.53,-1.29,-0.22,-0.21,-19.92,0.24,-0.3
0.06,1.43,6.53,1.19,-0.1,5.18,20.81,-0.01,-0.05
-0.25,5.47,5.17,3.89,-0.77,-4.84,4.68,0,1
0.33,-1.73,-5.47,-3.16,0.21,6.76,26.8,-0.61,-0.26
-0.02,-0.1,-5.83,-1.6,0.49,10.99,20.3,0.22,-0.36
-0.18,-11.06,-3.07,-0.18,-0.11,10.51,-6.65,-0.31,-0.1
0.59,-2.09,-4.86,-0.38,-0.05,-15.68,-18.87,-0.19,-0.15
-0.4,-7.41,-4.99,-0.11,-0.3,3.81,0.11,-0.32,0.12
-0.35,-9.25,-2.46,-1.62,-2.26,-36.43,-27.16,-0.05,-0.24
-0.18,-0.69,-8.4,-1.99,-1.85,-22.9,-30.18,-0.05,-0.33
0.11,11.97,0.21,-0.59,1.14,12.04,13.26,0.04,-0.12
-0.1,7.02,0.56,-0.12,0.15,8.4,4.64,0.34,0.01
-0.02,-5.06,-5.35,0.43,-0.94,-8.79,-7.45,-0.21,0.04
0.42,8.02,3.46,0.43,2.02,24.21,19.2,0.44,0.06
-0.07,-13.48,-7.31,1.3,-2.32,-17.42,-19.91,0.14,0.05
0.25,-4.16,1.86,0.94,0.12,-12.51,3.04,-0.19,0.12
0.09,8.12,-5.84,0.64,-0.58,-1.86,-7.23,-0.19,0.12
0.76,9.31,5.31,-0.83,1.16,18.11,22.72,-0.01,-0.39
0.07,0.34,-7.01,1.14,0.87,13.27,24.16,-0.38,0.18
-0.14,-2.81,-0.54,0.05,-1.91,-20.15,-24.22,0.12,-0.02
0.2,-8.75,-3.91,0.02,-0.62,-9.35,-6.68,-0.04,0.08
0.23,-5.37,-0.01,1.74,0.77,8.71,8.67,0.03,0.31
-0.3,3.1,-2.77,-1.79,-1.51,-21.39,-20.74,-0.19,-0.15
0.5,0.84,5.93,0.03,0.24,5.27,7.63,-0.53,-0.21
-0.6,-7.4,4.95,0.74,-0.18,-8.21,-8.5,0,0.1
-0.22,-2.23,-8.46,-0.19,-0.33,7.43,5.89,0.03,-0.09
0.2,-1.94,4.3,-0.35,0.61,2.93,12.64,-0.04,-0.02
0.65,5.79,6.19,0.1,1.1,-1.11,15.65,0.46,0.24
-0.32,-13.14,-2.7,-2.24,-0.87,-14.04,-24.96,0.02,-0.46
-0.27,-1.05,1.51,0.71,0.23,2.96,-2.43,0.16,0.12
0.36,3.53,11.02,4.24,0,0.58,3.62,-0.31,1.44
-0.02,-0.84,-5.79,-2.1,0.72,15.02,23.89,0.6,-0.45
0.19,-15.13,11.34,0.91,-0.19,-7.6,-4.66,-0.49,0.24
0.51,20.39,-10.31,-1.96,0.9,9.65,18.6,0.06,-0.4
-0.22,9.6,-9.99,-0.14,1.25,16.59,21.81,0.1,0.06
-0.05,-1.36,3.23,-0.03,0.11,1.67,-4.84,-0.13,-0.14
0.55,4.92,-5,1.38,0.13,7.01,6.02,-0.31,0.48
-0.04,0.64,-3.04,-0.52,-0.06,-6.02,-0.55,0.07,-0.1
0.2,16.63,4.8,0.68,0.81,6.74,3.89,0.05,0.03
-0.11,-5.78,-6.31,0,0.49,8.41,12.15,-0.23,0.31
0.18,13.29,5,-0.18,0.07,3.1,6.88,0.14,-0.05
0.11,8.76,-1.33,0.39,0.1,16.82,16.58,0.19,0.16
0.9,9.51,3.74,-0.08,0.84,14.82,12.5,-1.4,-0.17
0.02,-2.83,-5.17,0.52,-0.82,-14.85,-12.08,-0.34,0.17
-0.48,5.57,7.68,0.5,0.15,3.99,14.11,-0.19,-0.04
0.28,15.81,9.67,0.17,0.66,11.27,8.48,0.42,0.11
-0.09,-6.18,7.39,-1.39,0.33,-2.92,-2.15,0.29,-0.38
0.69,-7.15,-2.85,1.63,0.12,6.23,17.52,0.03,0.65
0.64,5.34,11.92,0.28,-0.57,0.01,24.08,-0.54,0.08
0.34,6.9,2.14,-0.34,0.67,16.28,4.16,-0.25,-0.02
0.2,-0.49,6.03,-0.25,-0.06,7.25,-4.3,-0.24,-0.12
-0.07,30.71,2.56,-0.53,0.43,13.64,15.46,0.2,-0.25
0.45,-19.44,-12.94,0.18,-0.92,-10.42,-21.73,1.15,-0.02
-0.4,-4.19,-17.47,-0.94,-0.6,-22.56,-39.04,0.06,-0.16
0.15,6.78,4.67,-2.1,0.38,22.21,12,0.2,-0.29
-0.45,-4.02,-7.15,-4.69,-2.09,-36.48,-41.74,-0.52,-0.89
-0.21,-1.94,-4.35,-4.7,0.43,-4.45,-12.03,0.22,-0.78
-0.25,-2.49,0.61,0.29,0.58,5.64,13.72,0.38,0.02
0.29,7.26,7.59,-1.92,0.8,19.12,20.67,-0.03,-0.28
0.31,2.15,0.62,1.02,0.43,5.5,-4.66,-0.18,0.53
0.18,-3.9,1.36,-0.23,0.63,9.81,12.72,-0.37,-0.02
0.2,-3.01,-1.3,1.27,1.13,-6.7,0.93,0.38,0.18
0.16,-9.18,-6.04,0.64,0.41,6.29,5.52,0.12,0.13
-0.87,-7.26,0.62,-1.29,-1.1,-16.56,-1.41,-0.25,-0.24
0.25,8.5,2.19,-0.66,0.4,8.08,-23.86,-0.05,-0.3
0.25,6.18,-12.99,0.1,0.08,-7.01,-16.86,0.37,0.01
0.16,-9.8,-7.16,-0.05,0.31,6.33,15.42,-0.16,-0.1
0.28,-4.02,-4.38,0.69,0.61,-0.9,10.97,0.2,0.35
0.21,-1.08,-4.3,0.25,0.61,12.08,4.67,0.43,-0.05
-0.04,-2.77,-1.11,0.53,-0.88,-5.2,-11.81,-0.6,0.03
0.3,-4.43,7.33,0.1,0.59,10.99,-4.3,-0.33,0.02
-0.18,-0.03,2.51,0.08,-0.23,-12.91,-12.98,-0.3,-0.06
0.02,-2.12,-5.34,-0.16,-0.05,10.37,-0.91,0.11,-0.06
-0.62,0.08,-5.01,0.86,-0.21,-3.76,-2.88,0.3,0.05
0.61,2.79,14.27,-0.32,0.32,-8.6,4.21,-0.4,-0.07
-0.01,-4.2,5.73,-0.12,0,-2.51,15.49,-0.19,-0.08
0.16,-5.45,-0.33,0.66,0.52,8.71,2.01,0.49,0.1
-0.31,-2.59,-0.1,-0.6,0.02,2.04,25.24,0.04,-0.28
-0.2,-3.1,-7.17,0.12,0.11,-3.74,8.83,-0.1,-0.03
0.18,3.13,8.12,0.17,0.63,5.07,7.35,0.2,0.15
0.18,-2.98,1.92,1.1,-0.19,6.92,12.69,0.28,0.43
0.18,-1.46,6.08,-0.33,0.16,2.8,12.14,0.45,-0.14
-0.05,-9.65,-8.85,1.06,-0.07,1.67,6.02,-0.17,0.39
0.15,9.67,9.66,-0.72,0.65,14.59,14.71,-0.26,-0.27
-0.2,16.2,-7.75,-0.15,0.71,7,-2.66,0.2,-0.02
0.08,8.39,-7.53,-0.72,0.85,3.52,5.74,-0.1,-0.05
-0.33,0.1,-2.65,-1.09,-0.17,-1.31,-3.45,0.23,-0.44
0.15,4.98,-3.86,-0.89,1.86,19.05,31.7,-0.39,-0.19
-0.12,-4.87,5.15,1.83,0.43,9.09,1.73,-0.08,0.44
-0.49,-11.53,-11.05,0.82,-2.67,-27.75,-33.29,0.1,0.08
0.16,0.45,1.56,0.71,0.57,13.18,12.64,0.14,0.2
-0.07,-2.47,0.06,0.62,-0.14,-9.53,-9.34,-0.05,0.09
-0.81,-12.84,-8.84,-2.46,-1.12,-18.99,-15.72,-0.1,-0.44
0.3,10.86,-1.11,-0.47,0.41,11.15,9.04,0.13,-0.41
0.03,5.49,-8.69,-0.66,-0.06,-1.59,4.18,-0.11,-0.22
0.01,8.09,2.07,-0.96,0.48,1.05,4.57,-0.53,-0.46
-0.23,2.73,-0.2,-0.55,-0.36,0.9,-3.37,0.16,-0.27
0.02,-1.05,-11.61,0.54,0.46,2.42,-1.99,-0.21,0.28
0.57,4.02,3.43,-0.08,-0.1,-0.92,-1.81,0.31,-0.02
-0.18,5.24,0.98,0.11,0.36,8.54,9.46,-0.24,0.02
-0.42,4.25,4.97,0.6,-0.3,-2.73,23.47,-0.68,0.09
0.49,11.1,0.88,0.26,0.7,0.83,9.47,0,0.17
-0.02,4.61,13.79,-0.79,0.15,15.58,8.89,0.41,-0.14
-0.11,-8.67,-11.59,0.81,-0.24,-17.46,-6.15,0.16,0.25
0.33,17.4,-5.49,-1.21,0.45,15.06,-1.03,-0.31,-0.24
0.12,5.18,-1.49,-0.42,-0.35,-3.85,-20.98,0.12,-0.31
0.07,0.09,-0.17,-0.49,-0.47,-5.88,-12.6,0.25,0.08
0.1,6.93,-0.23,-0.02,0.79,7.66,0.02,0.03,0.21
-0.02,-1.03,12,0.05,-0.2,-2.78,-14.51,-0.15,-0.1
-0.09,2.9,-11.81,0.09,0.23,8.14,-8.32,0.01,-0.23
-0.04,12.97,-9.5,-0.56,0.43,0.01,1.85,-0.51,-0.09
-0.31,5.51,5.2,-0.71,0.27,2.25,13.75,0.14,-0.1
0.19,-1.79,0.21,0.19,0.61,6.58,13.38,-0.13,0.24
0.07,-5.85,1.48,-0.86,0.28,5.03,-1.4,0.37,-0.22
-0.03,-6.39,-7.63,1.41,0.46,8.31,21.21,0.39,0.51
0.24,-7.21,11.45,0.23,0.27,0.3,-5.48,-0.02,0.2
-0.26,5.6,-12.38,-0.24,0.79,1.67,18.63,0.35,0.14
0.16,-13.75,-0.93,-0.34,0.23,-1.37,0.45,-0.08,-0.05
0.19,-2.01,-0.7,-0.8,0.26,-0.07,-10.86,0.32,-0.25
-0.11,-1.35,-5.04,0.37,0.34,11.1,-3.72,0.28,0.11
-0.07,5.85,-5.4,-0.28,0.31,3.87,15.56,-0.17,0.02
-0.05,-2.24,-3.9,0.1,-0.26,-4.74,-12.04,-0.03,-0.08
0.2,-0.7,1.9,0.07,-0.18,-4.58,-7.54,-0.39,0.2
0.18,8.63,-9.97,0.92,0.36,7.1,4.55,0.12,0.41
-0.11,-1.26,-5.78,-1.28,-0.01,-3.05,4.76,0.02,-0.66
-0.18,3.83,-4.79,-0.32,0.78,36.23,31.13,0.02,-0.46
0.47,7.38,21.64,1.12,1.92,23.76,29.18,-0.19,0.3
-0.14,-1.68,-0.7,-0.4,-0.75,-15.67,-18.97,-0.16,0
0.02,-0.85,1.52,0.93,-0.34,-1.73,1.2,0.2,0.22
0.1,0.8,-6,-0.58,-0.48,-6.83,-14.43,0,-0.16
0.05,-5.01,-0.18,-0.26,-0.32,-3.49,-3.26,-0.04,-0.15
0.2,1.66,6.86,0.51,0.73,-13.52,8.56,-0.15,0.03
0.1,-0.9,-8.27,-0.14,0.62,7.88,10.65,0.28,-0.23
0.41,-0.6,-5.16,0.38,-1.05,-10.98,1.32,0.2,-0.04
0.08,4.47,8.9,-2.27,0.87,16.32,29.37,-0.08,-0.67
0.16,15.28,9.9,0.28,0.79,16.82,10.64,-0.03,-0.03
0.16,2.79,-4.96,-0.04,-0.24,-5.87,3.19,0.1,-0.25
-0.04,-13.22,-1.46,0.5,-0.71,-9.03,-11.69,-0.04,0.13
-0.07,-1.67,-8.77,-0.43,-0.47,0.64,-14.97,-0.05,0.2
0.05,6.88,1.62,0.2,0.29,9.29,1.49,-0.24,0.04
-0.26,0.03,4.82,-0.31,0.15,0.48,19.59,-0.04,-0.16
-0.15,-10.79,-20.15,0.28,0.26,4.12,-0.06,-0.49,0
-0.08,3.54,18.3,0.78,0.4,4.51,7.42,-0.17,0.3
-0.18,-4.33,-30.12,-0.1,0.53,2.23,8.13,0.45,0
0.17,-3.97,-5.95,0.36,-0.22,-2.41,-0.87,-0.04,0.06
-0.44,-6.99,-7.46,0.02,-1.14,-6.88,-22.49,0.07,0
0.19,7.06,-1.51,-0.89,-0.15,0.23,-9.34,-0.54,-0.63
-0.25,4.11,-0.86,0.04,-0.09,5.99,4.6,-0.49,0.27
0.42,15.66,5.67,1.12,1.47,11.16,15.47,0.06,0.67
-0.14,10.54,-4.77,-0.43,-0.5,-7.35,0.32,0.16,-0.02
0.13,-5.29,13.63,-0.13,0.4,-2.86,9.19,0.03,0.03
0.22,-2,4.33,1.64,1.22,18.12,15.23,0.27,0.57
0.12,-3.12,-2.55,0.37,0.5,3.24,8.26,0.54,0.32
-0.46,0.46,-11,-0.36,0.4,0.99,8.49,0.42,0.07
0.15,12.51,25.02,0.12,1,27.01,25.65,-0.17,0.12
0.11,1.19,2.48,0.14,0.35,6.52,5.28,0.34,-0.13
-0.45,-2.74,-11.91,-0.91,-0.06,-2.08,-1,-0.41,-0.16
0.25,-8.11,-8.62,-0.32,-2.06,-19.15,-32.33,-0.01,0.06
0.1,-3.95,3.99,0.44,0.12,-5.5,3.89,0.31,0.19
-0.14,2.15,-11.32,-0.65,-0.15,0.17,-5.65,0.24,-0.14
0.42,8.38,6.64,-0.39,0.56,2.3,20.61,-0.24,0.03
0,-17.91,-22.88,1.85,-1.19,-17.02,-17.41,0.4,0.58
-0.77,-7.88,-15.84,-0.38,-1.8,-33.74,-38.93,-0.03,-0.1
0.63,-3.76,-7.38,2.39,0.77,11.13,22.25,0.23,0.69
0.23,-1.54,1.1,0.11,0.41,3.24,11.02,0.01,0.1
-0.6,-6.87,-19.09,-1.85,-1.89,-13.39,-7.96,-0.45,-0.91
0.21,8.09,-1.68,-0.95,0.96,15.39,15.79,-0.16,-0.28
-0.03,0.44,0.44,0.36,-0.75,1.17,10.18,-0.35,0.12
0.14,-1.35,-5.43,-0.3,0.11,-1.03,-6.7,-0.16,-0.17
-0.12,-2.24,-10.46,-0.27,-0.41,3.23,7.62,-0.02,-0.01
-0.25,-9.5,-4.61,-0.92,-0.5,-4.45,-6.76,-0.45,-0.15
-0.17,8.34,-17.64,-0.61,-0.86,-20.63,-8.38,0.29,-0.28
-0.41,-2.34,21.61,0.5,0.17,0.61,-1.2,-0.91,0.27
-1.11,-23.79,-21.21,-1.45,-1.69,-24.15,-17.99,0.03,-0.45
0.32,-60.54,-6.95,-0.01,0.1,-3.6,9.72,0.66,-0.07
-0.18,11.54,-4.26,0.33,0.48,6.69,14.98,0.07,0.21
0.19,4.57,14.42,0.55,0.65,14.61,17.08,-0.13,0.08
0.38,-0.96,2.41,-0.66,0.68,11.38,11.12,-0.05,-0.48
-0.16,-7.1,0.15,-1.09,-0.13,-4.25,-2.14,0.12,-0.22
0.02,-1.42,-18.4,0.02,-0.78,0.02,0.37,0.74,-0.17
-0.41,2.7,1.17,0.3,-1.12,-8.92,-12.83,0.04,0.14
0.73,-15.58,-2.8,-0.87,-0.83,-14.42,-16.51,0.72,-0.04
0.11,-3.16,-8.71,0.3,0.25,-5.05,-6.12,0.32,0.07
-0.35,-3.06,-12.61,-0.25,-0.13,-0.47,6.75,-0.02,-0.3
0.95,5.3,-4.45,0.41,0.37,10.32,1.03,-0.12,0.21
-0.96,6.78,6.59,-0.1,-0.07,4.94,-7.7,0.08,-0.18
-0.33,-8.21,-0.5,-0.37,-0.63,0.76,-5.38,0.48,-0.24
-0.2,2.73,-11.77,-0.54,0.16,3.59,16.53,0.35,-0.11
0.01,0.35,-11.65,-0.14,0.13,-6.46,-4.64,0.34,-0.09
0.32,-3.45,17.03,1.32,0.16,13.79,5.95,0.15,0.38
-0.16,3.61,-3.56,0.35,-0.47,-8.28,3.57,0.35,0.23
-0.56,-3.89,-14.72,-0.99,-1.19,-15.35,-20.26,0.34,-0.48
0.08,18.38,3.93,0.42,0.4,-2.87,-5.46,0.1,0.11
-0.13,1.78,-2.32,-0.97,-0.74,-0.19,-6.96,0.39,-0.53
0.43,3.65,-0.46,0.44,0.75,-0.79,5.27,0.05,0.17
-0.83,10,1.84,-0.14,-0.12,1.55,1.82,-0.26,-0.02
-0.21,10.5,2.03,0.91,0.46,-1.87,-2.67,-0.59,0.42
-1.11,1.87,0.43,-1.37,-0.04,-4.23,1.18,-0.01,-0.49
-0.12,0.08,1.32,-0.09,0.24,5.7,5.87,0.08,0.05
-0.06,12.95,5.61,3.44,2.12,23.43,14.48,-0.05,1.47
-0.13,1.47,2.94,-0.92,-0.09,3,7.74,0.6,-0.53
0.01,-5.77,-4.52,-0.32,0.49,4.43,0.57,0.41,-0.27
0.21,-8.99,-17.71,-0.55,-0.29,-8.84,-6.88,0.76,-0.2
0.41,6.15,2.39,0.67,0.05,5.8,7.88,0.01,0.27
-0.76,13.44,3.1,-0.27,1.66,28.38,19.74,-0.05,0.01
0.1,0.72,-5.34,0.19,0,-1.5,4.39,-0.1,-0.03
-0.45,-3.51,9.21,0.37,-0.51,-1.6,-10.51,-0.02,0.17
0.02,1.09,-2.01,3.08,0.24,6.51,8.07,0.33,0.99
-0.15,-2.56,-6.77,-0.74,-0.46,-10.6,-1.06,0.37,-0.47
-0.36,10.64,-1.78,-1.01,0.05,1.17,4.43,0.28,-0.18
0.06,12.25,-0.18,0.01,0.11,-1.14,0.04,-0.34,0
0.16,6.23,-4.31,-0.41,-0.36,-0.69,-8.85,-0.51,-0.16
-0.25,3.03,3.71,0.1,1.17,9.14,10.93,-0.67,0.17
-0.59,2.53,-3.48,0.48,-0.88,-11.41,-14.12,-0.04,-0.09
0.25,9.8,14.45,1.35,-0.1,0.4,-15.61,0.24,0.37
-0.35,-3.6,-14.76,0.02,-0.8,-4.96,-3.43,0.07,0.06
0.01,0.04,15.14,0.74,0.19,0.28,9.99,0.19,0.69
0.19,3.02,8.11,-0.34,0.13,2.32,3.77,-0.03,-0.2
0.23,5.36,5.13,0.71,0.8,9.94,12.08,-0.36,0.32
0.5,-2.74,-0.47,0.31,0.21,1.64,9.69,-0.23,-0.06
0.03,9.41,-0.18,0.07,-0.39,-0.43,-9.79,0.44,0.04
-0.3,12.59,6.61,-1.06,-0.12,-1.76,-1.71,-0.18,-0.23
0.37,3.41,2.99,0.28,0.78,3.29,3.23,-0.47,0.28
-0.03,-2.16,2.88,0.63,0.07,0.54,5.96,-0.04,0.14
-0.16,3.18,0.47,-0.01,0.61,0.99,8.39,0.05,0.04
0.27,-1.25,-1.86,-0.09,0.06,6.89,14.01,0.31,0.01
0.47,3.21,5.26,0.38,-0.04,3.19,0.26,0.38,0.24
0.54,1.33,2.07,0.9,0.67,25.54,33.48,-0.17,0.42
0,3.24,4.95,-0.53,-0.12,-10.13,-9.93,-1.21,-0.08
0.14,-4.62,-9.1,-0.04,-1.02,-4,-22.81,0.09,0.09
-0.77,4.71,7.53,-1.11,-0.56,-5.95,3.25,0.13,-0.22
-0.15,-3.75,4.11,0.59,0.09,-0.64,-2.1,0.33,0.47
0.16,16.07,10.15,-0.1,1.52,25.92,20.64,0.03,0.14
-0.24,-1.64,-4.88,0.07,0.41,21.85,8.17,0.02,-0.12
0.11,-0.33,0.51,0.34,-0.09,-0.46,6.6,-0.54,0.06
0.05,-7.43,-6.46,-0.11,-1.07,-12.21,-12.8,0.13,-0.11
-0.02,15.03,9.43,0.53,0.89,-11.82,-9.33,0.39,0.14
0.04,2.06,-8.73,0.7,-0.31,-13.85,-14.96,0.27,0.39
0.4,6.92,3.04,-0.35,0.05,3.5,5.69,0.45,-0.14
0.21,3.78,-0.33,0.38,1.47,9.2,22.33,0.64,0.13
-0.02,-1.7,-3.85,-0.54,0.29,9.99,-0.83,0,0
0.32,-1.45,1.79,-0.22,-0.13,-2.86,-13.73,-0.42,-0.04
0.29,4.37,2.02,0.69,1.7,21.97,17.45,0.28,0.01
0.36,3.36,-1.34,1.33,0.36,-6.53,-14.53,0.32,0.55
0.38,-5.11,-1.69,0.41,-0.52,0.05,-8.55,0.4,0.06
-0.63,-8.49,-9.76,-2.98,-1.61,-11.49,-17.75,-0.48,-0.55
0.46,1.06,8.59,0.43,-0.18,-2.2,-1.33,0.28,0.13
-0.18,-6.47,-1.21,-0.52,-0.22,-12.41,-16.53,-1.08,-0.13
-0.07,7.16,9.38,0.24,0.16,-6.14,-3.92,0.09,0.08
0.25,7.82,4.53,0.49,0.78,8.27,14.79,0.2,0.17
0,-1.35,7.79,0.42,-0.26,3.18,-0.69,0.4,0.07
1.07,5.11,6,0.06,0.7,32.04,31.62,0.61,-0.06
-0.44,-1.59,-2.62,-0.85,0.78,-2.48,2.11,-0.26,-0.37
0.08,1.6,-0.5,-0.47,0.61,11.14,21.92,-0.89,-0.34
0.02,1.92,0.7,-0.41,0.05,5.9,-13.34,0.49,-0.15
0.12,-6.63,-6.53,1.18,-0.3,-21.18,-16.22,-0.19,0.71
0.53,3.48,3.06,0.6,0.1,9.1,4.56,0.35,0.17
-0.84,-14.63,-7.77,-1.71,-2.71,-29.92,-29.35,0.37,-0.67
-1.06,-2.3,-2.47,-0.03,-0.16,-2.35,0.33,-0.44,-0.12
-0.06,7.94,4.01,-0.84,0.33,13.15,9.74,-0.11,-0.29
0.3,8.23,14.82,0.47,0.33,2.36,16.71,0.85,0.33
-0.01,4.17,3.13,0.09,0.57,13.65,2.37,0.04,-0.01
0.54,-2.25,0.29,0.11,1.25,14.22,7.09,2.14,-0.21
0.06,-0.63,-2.36,-0.49,-0.45,-9.14,-12,-0.12,-0.18
0.1,-4.67,1.7,0.97,1.19,14.78,8.57,-0.25,0.07
-1.2,-15.71,-16.55,0.53,-2.4,-16.79,-22.76,-0.35,-0.03
0.61,4.6,8.72,1.71,1.31,10.67,6.31,0.12,0.43
-1.05,-9.37,-5.57,-3.32,-0.65,-1.16,-2.77,-0.89,-0.95
0.06,4.09,3.69,-1.69,1.94,29.52,25.72,-0.15,-0.28
0.15,-5.04,1.56,0.22,0.45,7.68,10.86,-0.26,0.22
0.42,8.37,2.79,0.06,-0.31,-0.11,-4.77,0.26,-0.11
-0.27,-0.81,-8.17,2.09,-1.12,-31.83,-17.99,-0.29,0.15
-0.43,-7.86,-3.01,-0.41,-0.32,-2.76,-3.11,0.08,-0.17
-0.5,0.07,9.97,2.17,-0.54,-17.93,-0.54,-0.12,0.34
-0.3,-1.47,1.37,-2.45,0.37,13.52,6.66,-0.63,-0.63
0.01,-9.47,-2.3,0.79,-0.67,-2.99,-5.35,-0.33,0.18
-0.03,-5.5,-10.55,-1.3,0.2,1.96,-1.22,-0.59,-0.18
-0.33,7.81,13.06,0.12,0.76,2.84,-1.69,0.42,0.1
-0.43,-12.64,-12.58,-1.51,-0.07,0.54,-1.97,0.14,-0.18
0.47,13.6,26.78,0.54,1.12,20.26,15.76,-0.32,0.36
-0.46,-24.7,-3.58,0.09,-1.22,-9.83,-13.51,0.42,0.16
-0.34,-10.78,-15.19,1.97,-1.64,-19.96,-25.72,0.31,0.3
-0.14,10.97,-7.97,-0.02,-0.6,-5.98,-12.27,0.64,-0.28
-0.52,5.76,-8.28,-1.42,-0.51,-7.7,-3.72,0.1,-0.42
-0.1,3.22,-4.35,-0.25,-0.23,-13.58,4.28,-0.41,-0.24
-0.01,-5.12,1.71,0.12,0.38,-4.72,-5.63,0.21,0.36
-0.25,0.7,-4.06,-0.39,-0.37,3.41,-8.83,0.11,-0.21
0.28,2.33,5.48,0.37,0.34,-8.62,-8.95,0.25,0.31
0.14,7.26,-1.4,-0.61,-0.09,-5.44,0.89,1.15,0.05
0.19,12.55,7.98,-0.23,0.34,0.79,-0.2,0,-0.16
-0.55,-8.95,-11.83,0.65,-1.04,-22.41,-19.43,-0.01,0.22
-0.6,1.4,-8.68,-0.19,-0.6,-10.75,-17.96,0.13,-0.19
-0.12,6.06,5.74,-0.15,0.36,-3.19,3.13,-0.61,0.1
0.52,0.64,-2.77,-0.77,0.68,7.96,2.76,0.29,-0.3
0.25,-8.14,-13.82,1.39,-0.01,-5.35,-9.44,0.92,0.24
0.07,-0.04,-2.07,-0.4,-0.09,3.17,5.24,0.32,-0.11
0.09,4.56,-6.57,0.57,1.29,9.34,15.22,-0.65,0.29
0.08,5.72,-5.64,0.14,0.14,18.58,0.04,0.47,-0.14
-0.2,3.03,-2.33,-0.33,0.45,5,6.63,-0.18,-0.2
0.3,4.7,1.09,0.87,0.28,-11.59,1.27,0.47,0.13
-0.12,-8.19,-18.4,0.29,0.02,1.57,7.85,0.04,-0.02
-0.08,-6.39,-12.78,-0.57,-0.69,-8.16,-12.99,-0.25,-0.07
-0.42,-0.6,-5.38,-0.18,-0.12,-5.64,-3.47,-0.17,0.02
-0.19,1.01,30.76,-0.29,1.11,21.21,18.31,-0.25,-0.08
0.05,-16.93,-29.93,-0.05,-0.16,-0.7,-6.19,-0.05,-0.1
-0.1,-22.95,-18.88,-1.6,-0.92,-17.35,-21.07,-0.09,-0.73
0.29,8.66,-2.23,1.96,1.6,18.8,29.13,-0.01,0.72
0.33,1.99,-10,-0.13,-0.32,9.73,9.33,-0.45,-0.09
-0.37,-6.66,-11.49,1.44,-1.86,-23.59,-15.09,-0.32,0.11
0.41,2.36,10.1,-0.35,0.16,-15.25,-10.48,0.13,-0.2
0.53,0.08,6.7,0.44,0.29,-0.71,-9.88,-0.33,0.15
-0.28,-3.3,-0.04,-0.49,-0.15,-14.13,-12.07,-0.29,-0.31
-0.29,-2.79,2.02,-3.34,-0.48,-5.6,-10.56,0.11,-0.39
1.1,6.15,16.8,0.98,0.74,10.57,11.15,0.43,0.52
-0.15,-10.51,-9.22,0.45,0.09,5.16,-2.37,-0.34,-0.2
-0.74,-5.03,-2.92,0.14,0.86,-2.11,3.64,-0.69,0.35
0.06,3.73,-0.76,-1.2,-0.75,-6.98,-12.41,-0.03,-0.35
-0.14,-0.01,8.3,-1.28,-0.55,-4.03,-9.14,-0.08,-0.48
0.06,4.33,7.19,1.23,0.7,19.4,10.78,-0.16,0.2
0.48,-4.01,-4.44,0.65,0.38,4.33,12.88,-0.28,0.38
0.24,7.55,1.56,1.37,-0.07,-10.11,-2.71,-0.45,0.01
0.13,5.37,-0.24,-0.42,-0.54,-2.63,-4.41,0.2,0.05
-0.35,2.57,6.45,-0.07,0.02,-4.07,-8.33,-0.16,-0.21
0.1,10.86,2.73,0.74,0.16,5.58,3.91,0.28,0.39
0.6,4.15,0.85,1.22,-0.48,1.62,2.11,0.11,-0.06
-0.13,4.53,-14.05,1.35,0.4,8.43,2.18,-0.04,0.32
-0.26,0.99,11.53,-0.04,0.09,-1.67,5.44,-0.21,-0.49
0.25,9.03,10.56,-1.64,1.63,24.03,5.44,0.74,-0.08
0.14,5.15,3.02,-0.26,0.29,0.31,-3.21,-0.08,-0.28
0.28,-7.7,0.96,2.74,-0.07,4.9,9.18,0.21,0.78
0.14,-2.9,7.3,0.54,0.1,13.26,9.05,0.04,0.1
0.58,-2.25,-6.11,0.87,0.59,9.24,5.57,0.09,0.37
0.03,-3.09,6.6,0.55,-0.48,-20.27,-22.31,-0.27,0.21
0.04,-6.18,-12.26,-0.12,0,-5.26,-1.5,-0.17,-0.57
-0.51,-0.75,0.94,0.11,0.01,-4.46,-4.16,-0.09,-0.19
0.61,0.14,-3.7,0.51,-0.03,8.19,-1.75,-0.62,0.7
0.07,-0.35,0.88,-8.9,-0.73,-6.52,-8.24,0.5,-2.45
-0.58,8.39,7.45,0.65,0.22,4.62,-4.62,-0.12,0.81
-0.35,2.72,4.45,-0.44,0.73,2.39,-1.83,-0.89,0.02
0.41,2.55,2.74,-0.4,-0.15,2.28,8.05,-0.23,-0.06
0.81,-0.89,1.31,0.33,0.59,5.93,-1.97,-0.48,0.57
0.09,-4.02,-0.04,2.54,-0.09,-4.45,3.05,0.33,0.35
0.45,10.13,7.97,1.37,-0.27,0.99,-5.71,0.04,0.46
0.04,-0.33,-0.99,-0.94,-0.08,3.17,8.55,0.08,-0.37
0.25,3.7,10.71,1.67,1.09,15.43,14.15,0.16,0.65
0.12,-7.37,-16.59,-0.52,-1.14,-7.29,-11.59,-0.12,-0.46
-0.22,-1.78,4.8,-0.53,0.28,-0.8,4.65,0.03,-0.25
0.18,1.7,3.07,0.18,-0.09,8.71,8.34,0.02,0.03
0.47,-1.97,2.46,0.65,0.09,-8.57,-9.96,-0.04,-0.04
-0.06,-0.56,12.41,-1.99,-0.2,1.98,-1.85,-0.01,-0.47
-0.32,1.21,6.18,-0.76,0.09,2.92,9.34,-0.05,-0.22
0.88,-0.38,3.58,2.32,0.56,2.72,9.49,-0.24,0.74
0,14.08,5.59,0.22,0.29,0.01,-0.8,0.06,0.27
0.35,5.67,2.38,-2.24,0.33,18.69,14.06,0.04,-0.27
-0.03,0.24,-0.78,1.09,-0.18,1.3,-10.96,0.32,0.53
-0.75,-4.11,-2.22,-0.19,-0.16,11.64,26.92,-0.1,-0.2
-1.01,-2.89,0.89,-0.46,-0.81,-1.12,5.66,-0.18,-0.79
0.08,-0.36,7.3,-0.16,0.84,-3.15,-1.98,-0.27,0.04
0.02,9.2,2.94,1.53,-0.02,-1.92,-3.27,0.32,0.48
-0.57,-3.88,-3.73,-0.78,-0.79,-7.85,-10.87,-0.16,-0.42
0.53,-8.02,-7.78,5.35,1.19,11.66,9.73,0.3,1.43
0.3,-5.39,-4.69,0.2,0.33,-1.31,1.52,-0.09,-0.21
0.37,-0.48,4.74,0.84,-0.08,0.71,-2.55,0.28,0.24
-0.39,-4.54,-7.19,1.57,0.92,0.89,-6.23,0.02,1.52
-0.39,-1.42,-2.4,0.26,0.18,6.43,14.81,-0.21,0.11
-0.05,6.28,2.15,1.66,1.09,14.39,15.74,-0.09,0.33
0.2,-3.4,0.5,-0.67,-0.42,3.45,-4.82,-0.13,-0.2
0.26,-1.27,0.11,-0.06,0.45,-5.73,-5.67,-0.17,-0.12
-1.23,-1.58,-0.89,-0.64,0.03,3.02,19.43,0.02,-0.29
-0.17,2.46,-0.13,0.33,0.25,0.46,8.12,-0.11,0.2
-0.23,-6.61,-2.67,-0.33,-0.5,11.31,11.63,-0.19,-0.17
-0.03,-24.04,-3.77,-0.86,-0.03,2.87,2.07,0,-0.21
-0.17,-9.13,2.63,-1.39,-0.55,-3.12,-3.56,0.1,-0.67
-0.32,-3.12,3.08,2.41,0.49,3.76,-6.42,-0.15,0.51
0.27,3.25,3.44,1.28,0.57,0.27,2.69,0.17,-0.03
0.45,12.47,1.83,1.16,-0.31,18.2,9.2,-0.02,0.86
0.01,3.88,1.49,-0.15,-0.48,-5.22,-9.52,-0.08,-0.3
0.02,0.91,1.72,1.25,1,13.27,16.82,-0.2,1.28
-0.54,-3.05,-4.25,-3.02,-1.41,-15.74,-21.35,-0.01,-1.31
0.57,8.2,3.43,-0.17,0.19,0.41,1.48,-0.11,-0.19
0.02,1.14,3.64,-0.04,0.93,11.33,-0.12,-0.07,-0.29
0.01,1.75,1.55,-0.31,0.39,10.28,17.81,-0.05,-0.12
0.44,-4.19,-0.24,0.18,0.01,2.47,7.93,0.15,0.03
0.26,2.37,8.19,0.16,1.57,35.58,43.59,0.04,0.13
-0.19,-6.18,-0.26,-0.61,-1.29,-14.39,-20.28,0.12,-0.31
0.09,1.64,0.66,0.92,-0.88,3.57,-0.97,0.03,0.19
-0.77,-2.98,-4.39,-2.41,-0.78,3.63,3.31,-0.07,-0.19
-0.74,-3.78,-6.51,-3.9,-0.76,-13.91,0.09,-0.13,-0.3
0.54,-3.13,-4.19,-3.41,-1.4,-11.1,-11.05,0.07,-0.6
-0.08,3.51,0.16,-0.36,-0.67,-18.58,-11.88,-0.01,0.14
0.72,9.42,0.77,-0.03,1.31,20.71,20.95,-0.08,0.27
-0.74,-4.99,-0.79,-0.98,-1.56,-26.52,-33.29,0,-0.42
-0.26,1.71,-0.84,0.61,1.01,2.87,7.95,-0.05,-0.21
0.11,0.78,-1.56,1.87,0.43,1.28,1.19,0.08,0.95
-0.46,-1.99,-0.48,-1.74,-0.82,12.75,-3.11,-0.07,-0.89
0.15,3.31,-0.13,-0.83,-1.16,-1.75,-19.81,-0.03,-0.74
-0.05,13.77,5.39,-0.22,0.12,-2.33,1.65,0.18,-0.28
-0.28,1.44,0.91,0.43,1.78,50.24,34.85,-0.01,0.55
0.37,-4.95,-2.64,0.48,0.24,2.63,-4.06,0.09,0.03
-0.46,8.82,3.77,-0.3,0.32,33.88,18.75,-0.08,-0.02
0.08,-2.19,-4.85,0.07,-0.14,-2.74,10,-0.03,-0.06
0.04,-5.24,-7.52,0.28,-1.42,-25.69,-25.25,0.24,0.07
0.1,0,5.49,0.57,-0.24,-4.94,-8.9,-0.04,0.98
0.18,-6.82,-1.39,-3.11,-0.95,-22.64,-17.86,0.13,0.28
-0.56,-7.12,-3.98,0.39,-0.23,-0.54,1.38,-0.14,0.33
-0.84,-9.18,-6.57,-2.94,-1.23,-20.43,-24.72,0.13,-1.5
-0.01,-0.61,-4.48,-0.12,-0.77,-20.9,-27.3,-0.2,-0.31
0.31,3.76,8.03,0.01,0.49,6.11,17.56,-0.1,0.02
-0.09,5,-4.26,-0.54,-0.62,-12.07,-15.42,-0.11,-0.24
0.35,7.05,-1.99,1.86,1.29,23.73,33.97,-0.04,0.54
0.11,-10.85,-11.81,-1.29,-0.07,10.11,8.02,-0.06,-0.11
0.15,-3.31,-1.69,-2.21,-1.64,-46.08,-58.84,-0.07,-0.65
0.17,3.34,4.02,-0.82,0.58,14.8,13.02,0.18,0.04
0.36,15.01,-0.18,2.13,0.93,7.91,17.1,0.05,0.42
0.16,2.64,-1.79,-0.18,0.2,-7.59,-1.75,-0.06,-0.09
0.19,10.5,4,0.55,0.96,22.9,51.18,0.03,-0.18
-0.39,-0.08,-2.68,0.47,0.33,18.28,7.65,0.04,0.22
0.57,-1.45,-0.9,3.35,-0.52,-32.72,-48.2,0.01,0.63
0.28,-2.45,2.36,-0.42,-1.41,-31.66,-26.65,0.12,-0.17
0.37,5.62,1.95,-0.02,0.46,0.7,-15.26,0.07,0.02
0.2,0.25,-2.87,1.96,0.86,40.62,44.33,0.04,1.09
-0.78,-3.24,-1.16,0.37,0.03,12.83,-4.27,-0.11,-0.33
-0.24,-9.94,-7.26,4.35,-1.43,-25.14,-21.66,-0.02,1.59
1.34,9.7,9.59,0.47,0.71,15.47,22.88,-0.12,0.27
-0.07,0.98,-5.23,-0.47,1.4,22.86,31.42,0.19,0.03
0.09,1.77,-4.69,0.15,0.26,5.47,5.41,0.06,-0.23
-0.84,-6.64,-2.73,-1.22,-0.52,-13.58,-17.78,0,-0.71
0.52,10.32,0.48,1.88,1.97,24.63,28.86,-0.11,1.1
-0.12,-1.31,-1.75,-1.38,-1.94,-23.61,-37.09,0.05,-0.33
0.21,-7.79,5.17,0.07,0.52,18.93,12.86,0.16,0.02
0.07,8.96,3.45,0,0.13,-3.3,-13.27,0.05,-0.3
-0.3,0.37,-5.15,-0.44,0.22,11.06,19.47,-0.31,-0.03
0.16,9.72,7.72,-0.11,0.39,0.94,0.47,0.08,0.4
0.51,11.99,9.72,1.22,1.61,36.74,41.61,0.1,0.06
-0.18,-1.71,-5.98,-1.84,-0.85,-9.57,-5.87,-0.08,-1.23
1.24,7.21,4.04,0.47,1.79,20.86,25.06,0.07,1.16
0.78,8.35,10.39,1.45,1.43,20,22.63,-0.15,0.78
0.51,11.87,-2.07,-3.31,2.64,26.53,41.34,0.04,-0.5
-0.27,-14.33,-5.77,-0.13,-1.85,-31.98,-44.52,-0.05,-0.5
-0.6,-5.17,-5.8,0.76,-0.88,-28.51,-28.24,-0.13,-0.66
-0.17,-8.54,-11.35,-0.42,-0.49,8.66,17.08,-0.01,0
-1.13,-12.66,-3.18,-4.51,-2.27,-24.33,-28.26,-0.17,-1.88
0.25,1.14,-9.47,-0.98,-0.7,12.06,24.73,-0.06,-0.85
0.76,4.64,3.31,0.46,1.83,26.04,32.09,0.07,2.26
0.4,8.95,4.02,-4.71,1.01,7.61,16.14,-0.06,-1.82
-0.27,-5.59,0.79,-0.25,-0.88,-34.99,-30,-0.03,-1.3
-0.57,-8.49,-7.5,-1.2,-2.98,-36.87,-57.98,-0.1,-0.54
0.1,-2.77,-1.8,2.6,-0.38,-2.41,-13.21,-0.05,0.57
0.03,6.32,14.63,-3.52,0.62,-10.9,-5.13,0.07,-0.52
-0.51,1.88,4.96,2.31,0.25,6.8,23.85,0,0.41
-0.13,7.06,1.53,-0.21,0.83,19.67,27.63,-0.3,-0.29
-0.4,-0.52,2.28,-0.34,0.91,15.36,18.82,0.16,-0.09
0.23,-2.48,2.48,1.02,0.24,10.28,13.12,0.1,0.33
0.73,12.16,6.94,-2.06,2.14,8.77,5.17,0.12,-0.65
0.16,-6.55,-6.45,0.94,-1.82,-31.14,-33.96,0.03,-0.01
-0.19,1.16,1.74,0.42,-0.51,-12.08,-21.37,0.11,-0.24
0.67,3.58,-1.63,0.89,1.2,32.77,35.99,0.07,0.97
0.97,11.38,12.37,-1.68,1.81,-8.73,-9.18,0.05,-0.08
0.27,0.37,-0.69,0.42,-0.46,-29.93,-59.47,-0.35,0.38
-0.01,-8.25,-4.79,0.43,-1.22,-14.7,-45.4,-0.05,0.12
0.18,-3.78,-5.74,-0.01,-0.21,5.89,10.07,0.17,-0.07
0.46,2.51,1.74,1.4,0.52,3.16,15.04,0.15,0.08
-0.01,4.52,1.79,-2.06,1.17,32.17,44.34,0,-0.12
0.37,6.87,12.41,3.9,1.98,17.95,31.55,0.09,0.42
-0.49,-10.34,8.64,5.36,-2.13,-17.42,-28.12,0.03,1.59
-0.17,3.96,2.71,-6.25,1.7,15.44,30.65,-0.14,-1.26
0.53,15.32,13.3,-4.57,2.52,37.99,45.92,0.21,-1.23
0,-5.83,-8.07,2.64,-1.88,0.27,15.69,-0.07,0.52
0.65,-8.42,-6.14,-1.69,-0.38,-16.94,-9.2,-0.04,0.43
-1.3,-18.59,-4.79,0.57,-1.53,-48.97,-77.84,-0.01,-0.09
-0.4,-6.88,-1.87,0.55,-0.44,1,1.76,-0.01,0.15
0.11,-13.43,-1.04,1.32,0.14,-11.46,-13.61,-0.06,0.47
0.56,3.8,3.78,2.48,1.03,25.63,26.37,0.16,0.37
-0.62,-5.73,-1.08,0.4,0.31,5.94,21.74,-0.09,0.66
1.07,8.31,3.18,-1.53,3.05,51.34,49.22,0.31,0.23
0.29,-12.37,-7.46,2.12,-3.05,-51.01,-34.91,-0.02,1.04
-0.35,12.41,12.71,-1.32,2.71,52.3,64.63,0.16,-0.72
-1.04,-16.96,-8.48,1.64,-3.2,-79.02,-101.33,0.07,-0.45
-0.05,-3.5,-6.82,0.11,-0.88,-0.9,2.73,-0.01,-1.03
-1.89,-16.98,-12.04,-2.97,-3.61,-60.16,-72.06,-0.39,-3.47
-0.58,6.9,1.59,-0.87,0.2,6.09,-0.6,-0.17,0.55
-0.44,-13.6,-8.74,2.19,-1.86,-32.51,-38.18,-0.05,0.68
-1.19,-4.45,-1.03,0.25,-1.63,-5.65,-23.48,-0.03,0.02
0.14,-0.54,2.84,-0.14,0.05,-7.84,6.56,-0.15,-0.36
-0.11,5.75,0.2,-0.22,-0.54,-4.17,-7.08,-0.23,-0.46
-0.48,-9.96,-8,-1.28,-1.53,-27.02,-46,-0.09,-1.14
0.27,4.47,3.41,0.8,-0.53,-5.45,-10.48,0.06,0.55
0.18,5.62,8.15,-0.26,0.42,-6.89,-7.93,-0.06,-0.25
0.35,12.84,4.98,0.12,-0.28,1.22,-19.86,-0.16,0.22
0.13,12.96,0.34,-1.08,1,18.15,35.19,-0.31,-0.62
-0.12,-6.83,-9.22,1.8,-0.31,-2.82,6.82,-0.01,1.6
0.09,6.41,-1.15,-1.66,1.23,19.66,21.09,-0.07,-1.42
-0.11,2.45,8.37,0.81,-0.28,-10.5,-21.32,0.1,0.17
0.31,0.12,3.75,0.86,-0.15,7.27,-23.64,0.12,0.7
-1.13,-10.18,-3.24,-0.27,-0.68,-8.87,-23.69,0.06,-0.7
0.33,1.26,-0.31,0.38,-0.16,3.27,-4.34,-0.02,0.88
0.78,5.85,0.22,1.53,-0.53,-5.97,-8.79,0.01,0.84
0.01,-0.9,-2.34,0.26,-0.22,-23.82,-22.75,-0.1,-0.85
-0.21,-0.96,6.37,-0.07,0.36,-8.59,-16,0.14,-0.1
-0.01,5.6,2.53,0.18,0.27,13.6,11.64,-0.19,0.07
-0.09,1.86,2.81,0.21,0.71,1.66,4.97,-0.19,0.27
0.24,7.14,6.43,0.67,-0.05,-1.71,-14.84,-0.09,0.58
0.18,14.29,7.31,0.17,1.49,19.03,20.53,-0.02,-0.06
0.01,4.39,0.97,-1.18,0.93,13,19.84,0.37,-0.32
0.75,1.03,-2,0.41,0.45,10.56,11.05,0.06,0.68
0.54,9.63,1.61,0.08,0.98,16.46,15.66,0.11,0.11
0.31,8.8,4.45,-0.2,0.93,11.66,11.15,0.11,-0.35
0.12,-5.8,-5.02,-1.6,-1.03,-14.59,-11.42,0.08,-0.59
0.26,-1.91,12.29,-0.33,0.7,-3.1,-13.21,-0.23,-0.39
0.13,-4.44,-2.55,-0.02,-0.34,-8.34,-1.03,-0.22,-0.07
-0.15,5.81,8.62,0.5,0.61,17.12,11.83,0.14,0.3
0.23,-0.42,-2.04,-0.05,1.19,6.86,17,-0.04,0.15
-0.12,-21.16,-8.73,1.07,-0.49,2.92,5.34,-0.24,0.46
-0.05,-2.44,-1.74,0.14,0.69,2.11,12.59,-0.36,0.05
-1.38,-2.08,-3,0.96,-0.77,-22.45,-10.47,0.04,0.5
0.72,0.22,2.44,0.97,0.45,15.65,30.54,-0.04,0.9
-0.46,-5.27,0,-0.89,0,0.52,5.11,-0.2,-0.81
-0.51,-4.57,-4.65,0.2,-1.28,-17.62,-21.57,0.12,-0.51
0.14,-3.27,-1.76,0.55,0.53,9.37,7.02,-0.63,0.35
0.5,2.64,0.46,-0.21,-0.11,-5.07,-9.87,0.12,0.43
0.07,-3.86,-6.13,-0.25,-0.79,-1.37,-3.32,0,-0.31
-0.4,-2.48,-7.66,-0.34,-0.37,-14.09,-2.94,-0.04,-0.48
0.73,1.08,0.26,-0.06,0.44,-12.78,-18.66,-0.12,0.61
0.01,0.49,-0.4,-0.65,-0.46,-1.61,3.96,0.29,-0.91
-1.02,-2.44,-3.36,0.25,-2.43,-30.65,-44.41,-0.01,-1.3
-0.16,4.02,6.73,-0.24,0.17,14.1,21.54,0.1,-0.07
-0.04,2.42,2.61,0.68,0.05,5.41,9.14,0.1,-0.04
-0.24,0.43,-0.97,-0.23,0.39,5.05,-3.81,-0.02,-0.03
0,0,0,0,0,4.11,4.85,0,0
0.02,-2.11,-3.31,0.11,-0.51,-1.42,-7.06,0.05,0.7
0.16,1.79,4.43,0.79,0.3,-15.7,-26.08,0.04,0.46
0.53,-7.77,-4.34,1.67,-0.66,-8.73,-13.41,0.33,0.21
-0.49,-1.48,-1.55,0.53,0.07,1.2,7.72,-0.18,-0.18
0.33,0.27,3.4,0.05,0.82,12.14,15.31,-0.07,0.26
0.3,15.03,4.14,0.51,-0.12,2.88,-10.53,-0.16,0.51
-0.75,-7.89,-5.9,-0.51,-0.1,-5.3,0.95,0.07,-0.97
0.17,-5.06,-5.16,-1.09,-1.02,-10.92,-23.76,0.22,-0.04
0.57,-0.19,0.45,0.71,1.03,9.26,15.33,0.11,0.34
-1.32,-4.69,-1.79,-0.7,-0.89,-12.43,-9.97,-0.15,-2.09
0.86,2.66,0.56,0.71,0.49,8.82,15.61,0.22,0.28
1.46,2.68,-0.26,0.71,0.47,6.09,5.59,-0.19,0.81
-0.37,-2.85,-3.03,0.06,-0.46,-0.04,14.79,-0.13,0.55
-2.67,0.41,-1.65,-3.35,-0.94,-9.06,7.41,-0.67,-2.81
-0.66,0.62,1.31,-2.13,-0.7,-8.58,-19.52,-0.17,-2.03
-0.68,-3.24,0.21,-0.55,0.06,-3.14,7.54,-0.07,-2.12
-0.06,-7.14,-3.46,-1.05,-0.76,-3.99,2.83,0.07,-1.27
0.25,4.1,3.35,2.47,0.48,3.47,10.52,0.26,-0.74
0.02,-0.09,0.56,0.52,0.86,6.62,1.4,0.34,-0.08
0.45,-0.24,-2.09,1.82,0.81,7.23,12.16,-0.07,2.2
0.04,6.3,-3.2,-0.09,0.91,10.49,20.57,0.04,-0.67
-0.34,-0.2,2.67,-0.7,-0.11,-1.89,-7.09,-0.01,-1.15
0.38,-2.39,-4.3,0.17,0.16,4.15,2.32,0.31,0.83
0.76,-0.17,-1.1,0.13,0.41,11.24,33.46,-0.01,0.48
0.33,-8.42,4.76,0.2,0.43,6.63,6.86,0.23,0.76
-0.28,0.42,5.75,0.72,-0.09,-8.21,-25.41,-0.23,0.3
0.62,-14.59,-5.84,1.2,0.31,5.14,11.08,0.05,0.43
0.58,3.32,-2.38,1.46,0.75,3.39,-10.16,0.36,1.09
0.07,0.77,1.11,-0.49,-0.62,0.38,-23.29,0.03,0.06
-0.94,-4.39,1.91,-1.13,-0.46,-7.8,-16.35,-0.05,-0.54
-1.15,1.17,-3.26,-0.64,-0.15,-4.55,-0.34,-0.01,-1.03
0.71,-6.73,-4.86,0.32,-0.64,-7.99,-18.52,0.03,0.56
0.5,4.27,-0.02,0.28,-0.13,-1.31,-1.52,-0.21,0.19
0,2,-3.18,-0.02,-0.04,-0.4,11.88,-0.2,-0.04
-0.02,-11.99,1.9,2.47,0.13,0.6,2.25,-0.15,0.86
0.14,-5.32,-3.12,-0.29,0.12,-0.69,-14.14,0.1,-0.03
0.45,3.04,-6.55,0.55,-0.13,2.93,15.43,-0.17,0.46
0.17,3.76,2.15,-0.22,-0.16,-1.61,8.73,0.2,-0.15
-0.03,-2.54,-2.01,-0.4,0.21,6.37,4.93,0.18,-0.16
0.34,5.73,3.3,0,0.77,10.07,5.83,-0.31,0.18
-0.02,-6.71,-2.71,0.72,-0.35,-5.26,-9.11,-0.13,0.43
0.21,-7.14,3.47,-0.74,0.26,2,1.04,0.41,-0.22
-0.23,1.46,3.12,-1.05,0.21,9.05,8.46,-0.31,-0.68
0,6.97,-0.09,0.73,0.95,5.35,-3.83,0.15,0.87
0.86,0.05,-1.36,0.17,-0.23,-4.52,-1.38,0.17,0.43
-0.14,6.28,3.31,-0.36,0.52,16.73,30.14,0.04,0.29
0.36,-3.58,-6.46,0.23,-0.56,2.5,19.63,0.04,0.14
0.33,-3.12,-2.19,0.41,0.24,12.11,19.89,0.45,-0.03
0.01,-10.91,-11.99,-0.28,-1.83,-22.58,-28.51,-0.13,-0.4
0.01,12.06,3.33,0.92,1.33,-6.59,-14.86,0.36,0.5
0.28,-2.81,0.38,-0.47,0.08,-4.8,-12.4,-0.34,-0.12
0.28,-1.51,6.66,0.93,1.15,10.85,7.59,-0.02,1.63
-0.36,-5.14,-2.45,-0.73,-1.22,-20.61,-32.99,-0.15,-0.14
-0.61,0.77,-2.22,-0.51,0.14,0.1,0.87,0.04,-0.26
-0.26,-0.62,0.85,-0.29,1.12,10.77,27.99,0.01,-0.13
-0.38,-8.89,-6.04,-0.57,-1.06,-12.59,-18.28,0.1,-0.34
0.6,-7.71,-0.07,0.72,-0.96,-9.58,-16.72,0.04,0.83
0.26,3.18,2.37,-0.72,0.92,18.6,37.77,-0.04,-0.22
0.74,0.99,2.16,-0.32,0.2,2.97,4.79,-0.05,-0.21
0.96,-17.02,-6.16,1.46,-2.03,-22.31,-26.23,-0.2,0.29
-0.26,3.4,1.97,0.01,0.65,5.61,0.72,-0.03,0.43
0.31,-1.82,2.9,0.16,0.2,12.54,12.18,0.2,0.46
-1.28,-2.57,-1.14,-1.56,-0.35,-0.99,14.69,0,-1.32
0.8,0.99,3.85,0.54,-0.82,-8.04,-19.68,0.07,0.32
-0.56,-9.82,-3.54,-0.63,-0.98,-23.47,-40.96,-0.06,-0.29
-0.02,4.08,-8.15,0.24,0.63,2.63,11.87,-0.01,0.71
0.53,4.01,1.05,0.3,0.51,6.06,7.68,-0.08,0.91
-0.12,-1.41,2.33,-0.13,0.39,6.81,2.97,-0.02,-0.08
-0.59,-3.17,0.71,0.11,-0.14,-2.42,1.32,0.09,-0.05
-0.31,4.81,2.39,0,0.12,3.59,-8.99,0.05,0.35
-0.23,10.71,2.1,-0.69,0.83,10.49,-7.4,-0.02,-0.21
0.24,2.54,-2.85,0.74,0.4,3.74,-0.94,-0.07,0.24
-0.15,-0.37,2.97,-0.12,0.17,-1.6,1.09,0.07,-0.2
0.26,3.45,1.52,0.18,0.69,5.81,12.63,-0.09,0.64
-0.55,4.13,3.99,0.01,0.47,7.2,14.68,-0.08,0.12
-1.04,0.83,2.86,-0.18,0.32,3.86,5.46,-0.02,0.07
-0.19,0.67,-0.36,2.13,0.34,4.33,-8,-0.17,0.57
0.07,1,-0.13,0.08,0.21,-1.88,-3.2,0.02,0.01
-0.6,6.55,3.73,0.28,0.93,18.45,23.64,0.01,0.16
1.33,-3.24,3.52,0.6,0.35,9.62,18.63,-0.03,0.23
1.33,-18.08,-8.07,2.31,-1.64,-23.29,-30.31,-0.02,1.17
-0.66,-1.1,-0.57,-2.36,0.02,2.03,12.26,-0.1,-0.66
0.56,-3.83,0.89,1.33,0.06,4.66,-2.36,0.09,0.7
-0.2,11.71,5.07,0.45,0.19,3.01,14.62,-0.01,-0.02
0.03,3.51,10.58,-0.65,1.2,7.55,-0.14,-0.19,-0.22
-0.09,-27.75,-7.05,0.27,-0.25,-0.28,-3.69,-0.03,0.22
-0.18,-5.44,-3.75,-0.56,0.28,-0.59,6.78,0.16,-0.39
-0.43,-10.37,-9.51,-0.62,-0.19,-12.6,-12.84,0.09,-0.68
0.24,13.57,11.13,-0.2,0.47,1.8,32.01,-0.06,0.03
0.41,6.78,2.59,-0.48,0.81,10.34,9.36,0.05,-0.24
-0.35,-0.28,0.52,-1.61,-0.17,-2.02,1.97,-0.13,-0.98
-0.05,-2.48,1.17,0.67,0.25,10.31,11.7,0.02,0.05
0.46,-1.7,-3.24,0.12,-0.08,1.9,1.38,0.17,0.03
0.09,-0.59,3.62,0.27,0.04,-1.09,-12.09,0.01,0
-0.26,0.53,2.13,0.2,-0.34,-2.91,14.1,0.03,-0.13
-0.63,2.82,-0.99,-0.22,-0.36,-2.44,13.6,-0.17,-0.23
0.72,9,4.45,0.87,0.58,7.78,16.88,-0.1,0.13
-0.92,-3.5,-1.15,-1.49,-0.07,-2.75,-4.8,-0.07,-0.53
-0.29,7.87,3.93,-0.67,0,14.25,8.74,0.09,-0.31
0.99,-2.77,-0.39,0.94,0.31,0.88,2.38,0.02,0.25
-0.33,0.86,-1.82,-0.55,-0.08,-1.56,0.38,-0.03,-0.24
-0.13,-1,-0.93,0.33,-0.06,1,-2.42,0,0.07
-0.03,-3.13,-0.44,0.37,0.02,-0.59,3.1,0.18,0.44
-0.09,-0.36,1.83,0.06,0.18,2.88,-1.44,0.08,0.03
0.36,-1.11,-1.4,0.4,0.22,-0.76,1.56,-0.04,0.22
0.13,1.49,0.8,-0.55,0.23,3.9,12.64,0.11,-0.11
0.15,4.5,1.2,0.15,0.2,5.17,5.98,-0.1,0.1
0.15,0.41,0.61,-0.02,-0.39,1.32,-6.98,0.18,0.16
0.04,-0.2,-1.02,0.23,0.02,0.28,0.84,0.05,0.24
-0.2,-1.14,0.16,-0.4,0.25,6.53,15.75,-0.19,0.04
0.46,-3.9,0.36,-0.64,-0.02,-6.35,-9.34,-0.04,-0.33
0.06,-2.18,-1.44,-0.09,0.38,-0.25,7.34,-0.11,0.12
-0.36,-2.5,-2.7,-0.21,-0.18,-2.06,-8.28,-0.13,0.03
-0.3,-0.93,0.91,0.47,0.19,6.55,13.08,0.08,0.18
-0.05,-2.38,-2.37,-0.32,-0.43,2.86,-12.85,-0.17,-0.07
-0.02,-1.43,1.38,-1.12,0.19,3.26,-4.46,0.06,-0.63
-0.92,-4.13,-5.59,-2.96,-0.89,-3.5,6.63,-0.1,-1.87
-0.05,-2.21,1.51,0.97,-0.04,-0.75,-3.69,0.05,0.52
0.65,3.55,0.43,1.45,0.6,4.78,-3.73,-0.05,0.27
0.63,3.16,0.62,-0.42,0.97,14.72,20.36,0.02,0.08
0.5,1.35,1.13,-0.33,0.99,19.47,38.82,0.08,0.03
-0.29,-18.61,-2.39,0.21,0.5,-2.41,-4.74,0.05,0.5
0.55,-7.06,1.37,0.32,0.39,-1.32,-12.4,-0.33,0.27
0.17,-0.46,1.26,0.73,-0.3,-4.76,-9.94,-0.02,0.08
1.07,7.66,2.8,-0.18,0.85,14.65,33.01,0.1,0.17
0.21,-4,-1.72,0.81,-0.39,-11.78,-7.73,0.05,-0.12
0.05,3.75,6.68,1.35,0.27,-0.23,-8.35,0.13,0.53
0.07,-6.17,-1.24,0.72,0.35,3.61,1.03,0.11,0.72
0.22,7.56,3.23,0.27,0.79,12.94,25.39,0.08,0.5
-0.59,-1.45,-0.7,-0.39,-0.2,0.26,0.56,0.08,0.01
-0.62,-9.04,-4.13,-1.27,-1.09,-16.45,-23.4,-0.1,0.03
-0.35,-7.61,-1.42,-1.44,-0.07,-2.69,0.93,0.09,-0.62
-0.79,-10.7,-7.97,-2.2,-0.3,-9.86,-21.87,-0.06,-1.05
-0.06,-2.51,1.65,0.04,0.18,0.5,-31.83,-0.14,0.25
0.47,0.8,1.39,0.21,0.11,5.57,-10.07,-0.19,-0.38
-0.72,-5.18,-4.97,-3.11,-0.69,-10.19,-13.13,0.08,-1.62
0.1,2.75,1.42,1.86,0.08,0.01,-7.97,0.09,0.96
0.25,1.9,-0.86,1.24,0.09,4.65,4.27,0,0.62
0.18,-0.37,2.82,1.39,1.12,22.72,31.43,0,0.68
0.28,2.68,1.43,-0.71,0.23,4.17,-4.12,-0.04,-0.01
0.01,-3.07,2.36,0.05,-0.13,5.71,17.27,0.13,0.02
-0.33,-0.73,1.96,-0.93,-0.36,-1.33,0.52,-0.27,-0.28
-0.11,-3.37,-3.25,1.14,0.29,-0.61,2.88,0.22,0.6
-0.27,-1.47,-2.71,0.88,-0.67,-0.69,5.1,0.2,0.18
0.11,0.7,0.18,-0.41,0.19,-1.39,-5.45,0.01,-0.08
0.23,5.5,1.18,0.89,0.56,0.76,4.67,0.01,0.52
-0.29,0.91,-0.25,-0.31,-0.19,0.88,0.03,0.07,-0.13
0.36,0.61,-1.6,0.26,-0.23,2.56,-1.32,-0.03,0.08
-0.56,0.48,-2.84,-1.61,-0.04,0.44,20.95,-0.1,-0.74
0.89,-0.16,1.53,0.96,1,11.43,20.96,-0.01,0.3
-0.6,-1.02,6.09,-0.35,-0.45,-12.74,-29.12,0.03,-0.27
0.68,17.16,-0.47,0.82,0.33,7.88,11,-0.08,0.38
-0.55,2.18,7.3,-0.56,-0.75,-1.28,-0.1,-0.08,-0.24
-0.1,-3.25,0.62,0.69,0.02,-4.01,-7.19,0.05,0.43
0.09,-3.7,-0.06,1.34,0.24,6.78,18.54,-0.09,0.46
-0.19,1.27,3.13,-0.1,0.33,5.49,2.23,0.1,0.09
-0.25,0.36,0.62,1.01,-0.03,0,1.47,-0.04,0.13
0.53,3.58,2.36,0.88,0.5,6.79,1.5,0.01,0.46
-1.14,-6.2,-1.12,-2.23,-0.49,-3.51,-0.63,-0.31,-0.85
0.17,-4.91,-0.4,0.36,0.33,0.16,0.68,0.09,0.29
0.19,9.85,6.94,0.88,0.99,20.07,37.86,0.06,0.49
-0.13,-2.6,-2.96,-0.06,-0.59,-7.93,-24.25,-0.06,-0.09
0.28,-4.38,-3.63,1,-0.23,2.75,-5.89,-0.03,0.13
0.36,-3.37,-5.25,-0.24,-1,-4.77,4.68,-0.04,-0.18
0.75,-0.16,0.14,0.02,-0.04,-2.02,7.49,0.04,0.05
-0.03,-6.31,-4.91,1.43,0.2,5.39,7.75,0.02,0.45
-0.36,1.56,-2.82,-0.18,-0.38,-6.48,-14.17,-0.02,-0.06
0.44,5.55,0.22,-0.22,0.8,16.98,38.88,-0.06,0.09
0.37,-1.13,2.59,0.1,0.03,-6.27,-22.17,-0.02,0.08
-0.4,3.14,5.04,-0.38,-0.16,-5.21,-15.92,-0.06,0.03
-0.44,3.78,-0.09,1.24,0.08,-3.04,-7.44,0.01,0.35
0.46,15.78,7.15,-0.22,1.12,16.14,27.66,-0.09,-0.12
-0.45,6.4,-2.32,-0.49,-0.28,-0.8,22.77,-0.1,-0.07
-0.39,1.11,6.33,0.13,0.52,0.77,-2.01,0.01,0.1
0.05,0.69,2.05,-0.03,0.74,5.64,-5.73,-0.02,0.15
-0.12,-1.58,1.85,1.1,-0.04,-0.06,-10.81,-0.08,0.24
-0.16,1.37,1.22,-0.01,0.02,8.52,13.67,-0.03,-0.04
0.38,-2.88,0.22,0.33,0.36,4.98,19.62,0.05,-0.03
-0.71,-1.65,-1.97,-0.88,-0.73,3.03,-9.23,-0.04,-0.19
0.11,5.39,3.14,-0.11,0.27,6.51,7.55,-0.02,0
-0.03,-0.1,1.17,-0.21,-0.6,-10.76,-21.68,0.03,-0.17
-0.31,-0.22,3.68,0.47,0.36,10.9,29.2,0.19,0.24
0.67,0.34,0.91,-0.09,0.37,9.44,13.69,0.09,0.08
0.48,5.35,2.86,-0.46,1.44,30.57,48.92,0.01,0
-1.12,-0.09,1.25,0.31,0.31,2.45,-11.98,0.04,0.1
-0.11,-6.46,1.74,0.06,-1.06,-13.98,-24.96,0.08,-0.05
0.92,6.27,-0.13,-0.19,1.05,15.32,26.83,-0.17,-0.03
0.12,-5.08,-5.17,-0.13,-1.03,-9.06,2.74,-0.11,-0.08
0.59,4.62,4.85,0.24,0.7,6.35,3.33,-0.09,0.19
-0.28,-6.31,-2.74,1.59,-0.33,-11.33,-27.46,-0.02,0.5
-0.49,2.57,-5.99,-0.13,-0.78,-6,-26.75,0.03,0.01
-0.06,-5.95,0.25,0,-0.29,-3.94,-4.31,-0.05,-0.13
-0.41,-13.04,-2.96,-0.26,-1.02,-16.81,-33.57,-0.12,-0.22
0.24,-8.29,0.71,0.99,0.31,2.08,4.37,0.02,0.2
-0.19,1.99,1.89,0,0.34,11.38,27.24,0.12,0.01
0.03,1.91,0.06,0.03,0.47,1.89,-2.49,0.03,-0.02
-0.05,-2.65,-2.55,-0.08,0.14,-2.97,-0.82,0.05,0.04
-0.24,8.07,5.1,0.21,0.6,2.13,-15.14,-0.09,0.09
-0.68,-5.99,-5.21,-0.4,-1.06,-27.42,-58.12,0.02,-0.19
0.13,1.36,-0.44,1.14,0.3,-1.86,-19.52,-0.06,0.3
0.17,3.1,0.27,-0.36,0.12,4.99,10.28,-0.26,-0.07
-0.04,-5.18,0.31,-0.15,0.77,-0.43,-6.98,-0.18,-0.02
0.16,2.21,-0.03,-0.03,0.45,0.03,0.28,-0.27,-0.04
-0.01,14.14,0.14,-0.69,0.31,6.18,7.96,0.14,-0.32
0.22,-0.67,0.92,0.11,-0.09,-4.88,-6.79,-0.16,-0.03
0.3,1.42,1.41,-0.58,0.65,18.33,25.73,-0.29,-0.06
0.84,5.2,1.36,1.13,0.9,3.16,-6.9,0.17,0.1
0.5,-0.96,-2.6,0.75,-0.99,-6.54,-1.52,0.01,0.03
-0.08,-10.59,-2.71,0.3,-0.15,-6.71,-3.77,-0.18,0.05
-0.84,2.05,3.21,-1.44,-0.31,-3.52,-17.06,0.02,-0.32
0.06,-0.12,-0.72,-0.86,0.85,12.12,24.67,0.15,-0.02
0.15,9.29,2.85,-1.03,1.16,10.49,19.96,-0.02,-0.08
0.52,1.58,1.34,0.91,1,21.53,39.29,0,0.28
-0.89,-6.5,-10.85,-0.95,-1.44,-17.08,-6.75,-0.22,-0.17
0.67,20.56,8.99,0.9,2.23,18.95,3.87,0.1,0.11
-0.01,5.17,-4.3,0.16,0.21,4.4,8.9,-0.01,-0.04
-0.21,-9.51,-3.28,-0.02,-2,-28.97,-45.51,-0.09,-0.08
-0.11,2.29,3.22,-0.36,-0.02,2.02,-6.76,0.47,-0.1
0.09,1.46,3.35,0.04,0.22,-0.44,13.19,-0.06,0.11
0.24,6.95,-4.52,-0.62,0.51,14.69,21.08,-0.14,-0.06
-0.31,3.46,-1.24,-0.49,0.4,1.52,-21.28,0,-0.02
0.25,-4.47,2.73,0.22,0.65,7.46,-3.91,0.03,0.03
0.25,3.01,-4.39,-0.18,0.61,7.33,24.25,-0.29,-0.08
0.75,11.89,8.18,1.16,2.75,31.73,34.44,-0.08,0.26
-0.45,-7.93,-2.37,-1.16,-0.54,-0.03,-3.52,-0.29,-0.09
-0.35,-5.07,-3.55,0.28,-0.66,-5.07,-4.77,-0.27,-0.09
-0.76,-5.8,-5.82,-3.87,-0.41,-3.73,-8.16,0.34,-0.62
-0.24,-10.01,-5.18,0.61,-0.78,-9.85,-15.1,0.09,0.1
-0.06,-9.18,-7.95,0.22,-1.46,-29.86,-52.34,-0.16,-0.14
-0.13,-0.51,1.37,-1.7,-0.25,-2.93,-0.7,-0.05,-0.36
0.69,-4.38,-3.36,0.01,-0.08,1.66,6.35,0.15,0.15
-0.01,-4.56,-2,0.54,-0.95,-17.24,-21.73,-0.14,0.25
-0.34,-4.84,-3.61,0.06,-0.09,-3.53,-2.86,-0.02,-0.11
-0.39,-3.65,1.69,0.29,-1.57,-18.59,-22.47,-0.06,-0.1
-0.64,-11.34,-7.52,-2.7,-1.28,-9.59,-3.59,-0.47,-0.59
0.45,-2.48,1.82,-0.21,-0.02,1.35,5.1,-0.13,0.05
-0.46,-3.37,1.27,0.26,0.05,0.06,0.27,0.04,-0.12
0.42,5.1,6.15,-0.35,0.6,0.59,0.79,-0.19,-0.07
0.57,14.91,4.05,1.28,1.36,24.02,35.32,0.15,0.15
-0.39,-11.29,-1.68,-0.03,-0.85,-5.37,4.95,0.15,-0.24
0.11,6,5.28,0.13,1.24,8.95,8.21,0.07,-0.12
0.09,6.64,5.67,-0.39,1.28,28.07,31.6,-0.08,0.23
0.01,-13.2,-8.27,0.08,-0.83,-7.06,0.16,-0.17,-0.15
0.25,-3.07,-3.91,-0.61,1.08,11.19,0.39,-0.12,-0.09
-0.28,-13.54,-7.35,2.76,-1.39,-15.37,-34.17,0.26,0.83
-0.91,-1,-2.25,1.23,-1.53,-33.55,-47.07,0.16,-0.23
0.61,10.49,-2.06,-1.2,-0.3,4.01,8.2,0.49,-0.32
0.43,6.69,-0.59,0.43,1.75,25.37,25.3,0.23,0.13
-0.47,1.94,1.14,0.03,-0.35,-16.59,-25.52,-0.33,-0.15
-0.15,-7.11,-2.51,0.4,-1.12,-13.18,-7.68,0.08,-0.01
0.77,5.51,2.75,0.53,1.28,28.79,37.4,0.09,0.25
0.36,-6.6,-5.97,-0.11,-1.2,-7.56,-7.13,-0.03,-0.11
0.87,8.92,5.87,0.2,1.93,6.61,-2.62,0.12,0.25
-0.23,-3.57,-0.52,0.5,-0.69,-11.13,-22.36,0,0.07
0.44,2.99,9.5,0.17,2.54,20.43,28.53,-0.1,0.11
-0.22,-10.06,-4.12,-0.3,-1.86,-35.75,-68.43,0.03,0.01
0.24,-1.83,-1.16,-1.56,-0.19,-4.52,-15.98,-0.2,-0.35
-1.04,-11.63,-4.62,0.63,-1.9,-17.98,-20.72,-0.21,0.04
-0.57,1.19,-0.48,-1.19,-0.17,0.42,9.22,0.03,-0.43
-0.85,-2.24,-1.34,-1.51,-0.94,-21.51,-31.81,0,-0.3
-0.18,-5.62,-4.86,-0.73,-0.85,-12.6,-17,0.09,-0.24
-0.12,-6.65,2.85,0.12,1.18,16.24,20.89,0.09,-0.02
-0.17,-6.62,4.68,1.2,0.53,-0.6,4.94,0.05,0.26
-0.02,7.68,3.74,0.07,0.43,37.46,52.42,0.05,-0.12
-0.42,-6.83,-7.85,0.63,-1.24,-16.16,-35.03,0.04,0.64
-0.97,-10.08,-7.58,2.87,-3.11,-36.23,-42.27,-0.09,0.15
0.08,8.78,2.96,1.51,0.25,-3.37,-6.11,-0.08,0.2
-0.96,-20.15,-4.21,-1.52,-1.15,-23.9,-42.8,0.04,-0.63
0.16,4.1,2.51,-0.18,0.97,13.68,33.05,0.15,0.01
-0.09,-5.43,-8.22,0.1,-1.71,-20.08,-28.63,-0.13,-0.09
0.42,-1.37,5.62,0.43,0.75,13.48,29.27,-0.52,0.39
0.2,-2.91,-1.65,0.28,0.17,6.77,3.16,0.01,0.12
-0.73,0.11,-5.23,2.2,-1.89,-26.21,-28.15,-0.02,0.06
-0.49,-13.33,-2.38,-0.13,-0.03,-5.02,-10.69,0.05,0
0.92,-2.26,2.84,1.93,0.67,9.41,4.08,0.28,0.34
0.58,-4.94,8.23,0.05,0.74,6.15,18.56,0.29,0.04
-0.14,-2.16,0.42,0.49,0.02,-1.22,23.04,0.02,0.21
0.1,0.87,-3.95,-0.27,-0.12,8.13,16.77,0.11,-0.1
0.43,1.35,0.04,0.27,0.98,5.46,4.24,-0.11,0.09
-0.47,-12.85,-1.17,-1.26,-1.08,-18.04,-7.96,0.01,-0.46
-0.18,3.13,3.14,0.75,0.48,0.9,2.15,-0.31,0.08
0.6,-1.06,0.41,-0.2,0.69,11.96,11.39,0.03,-0.01
0.02,14.24,0.57,-0.43,0.25,1.36,-1.41,0.2,-0.1
-0.18,5.38,0.09,-0.63,0.04,1.54,56.43,-0.1,-0.23
-0.4,-1.27,0.36,0.55,0.54,6.9,11.88,0.21,0.08
0.32,4.17,-0.49,0.18,0.66,4.69,-4.15,-0.09,0.07
-0.47,-3.76,1.05,0.64,-0.5,-5.78,-2.48,-0.15,0.04
0.03,-1.24,1.34,0.14,0.27,3.43,-6.24,-0.21,-0.07
0.55,0.11,3.51,0.33,0.14,8.73,4.9,0.39,0.13
0.23,-2.55,-1.44,0.29,0.04,6.87,7.29,0.38,-0.04
-0.11,2.07,-0.49,-0.49,-0.21,-2.32,-22.9,-0.22,-0.06
0.05,3.88,-0.75,-0.6,0.12,-0.48,-0.09,0.2,-0.06
0.64,-0.55,-0.61,-0.12,0.13,5.51,6.86,-0.06,0.1
-0.27,-2.58,1.95,1.43,-0.2,-0.99,4.17,-0.16,0.13
-0.42,3.86,-4.27,-0.22,-0.55,-4.3,-0.32,-0.14,-0.11
-0.05,11.82,1.73,-0.64,-0.12,-4.98,-14.2,0,-0.08
0.31,-8.04,2.72,0.82,0.84,7.7,10.42,0.08,0.2
1.18,1.39,4.28,0.44,0.84,8.56,7.2,0.04,0.27
-0.65,-6.23,-2.54,-1.98,-0.79,-6.78,10.04,0.12,-0.38
-0.17,1.68,0.55,0.24,0.42,-0.3,1.12,-0.36,-0.04
0.05,-2.74,-0.78,-0.59,0.21,6.27,7.51,-0.05,0.02
0.45,3.37,0.27,0.38,0.29,8.63,5.63,-0.03,-0.05
-0.3,-3.5,-1.54,0.2,0.27,1.98,2.25,0.03,0.03
-0.65,-8.6,-0.77,-0.61,-0.22,-1.72,-6.52,-0.12,-0.08
0.21,6.88,1.59,0.32,0.64,6.28,1.48,-0.13,0.18
0.33,12.69,1.01,-1.47,-0.05,5.39,12,0.22,-0.37
0.21,0.34,4.71,0.56,0.27,2.89,10.25,-0.11,0.21
-0.22,-2.3,-0.93,-1.34,-0.13,0.1,-5.81,0.09,-0.26
0.23,2.86,4.01,-0.32,0.77,13.58,22.41,0,0.07
0.07,8.09,1.43,-0.42,0.26,3.85,10.37,-0.33,-0.13
0.33,2.96,0.39,0.17,-0.26,-0.57,-1.3,0.06,-0.05
0.2,5.58,-1.08,1.16,-0.42,1.3,4.25,-0.02,0.25
-0.7,3.49,3.24,-0.05,0.35,10.35,26.74,-0.2,-0.12
0.47,-0.62,2.24,0.54,-0.05,1.39,9.43,-0.06,0.15
0.26,-0.69,4.62,1.61,1.05,1.7,-5.66,-0.04,0.39
0.54,-2.51,2.43,0.03,0.52,9.35,14.2,-0.07,0.08
-0.31,-7.93,-2.94,-0.95,-0.74,-12.89,-17.91,-0.06,-0.13
-0.1,-4.55,-1.92,-0.79,-0.54,-1.99,1.33,0.03,-0.16
0.43,0.23,-0.19,0.15,0.29,3.68,5.27,0,0.13
0.33,5.68,1.3,0.37,1,7.72,17.1,-0.23,-0.02
0.29,-3.79,-1.64,-0.41,0.22,3.37,14.36,0.12,-0.15
0.59,4.43,1.46,0.17,0.8,15.74,22.17,-0.22,0.27
0.16,0.15,2.27,0.96,0.74,-0.44,-7.45,0.14,0.19
0.2,3.08,3.79,1.55,1.16,11.37,7.59,0,0.37
0.42,0.38,-0.77,-0.01,-0.03,-1.55,-5.88,-0.07,-0.11
0.67,-3.1,-0.23,0.23,0.49,10.46,22.99,-0.12,0.15
0.01,0.97,-1.57,-0.37,-0.78,-8.77,-13.26,-0.34,-0.05
-0.76,2.89,2.83,0.92,0.01,2.07,-7.37,-0.09,0.03
-1.32,-10.22,-4.68,-2.42,-1.91,-34.14,-38.59,0.01,-0.73
-0.2,12.15,4.06,-0.4,0.01,-3.39,-2.16,-0.18,-0.16
0.69,-3.84,-0.05,-0.03,0.93,13.27,19.06,0.04,-0.12
0.7,-1.58,2.36,1.71,0.63,15.3,23.53,0.12,0.34
-0.74,-8.55,-9.02,0.08,-1.01,-13.74,-16.16,-0.24,0.03
-0.15,-10.2,-5.64,-0.7,-1.39,-12.4,-8.44,0,-0.46
-0.46,0.83,1.03,-1,0.63,5.56,8.45,-0.16,-0.09
0.13,4.45,-0.01,0.69,0.22,-3.63,-8.78,-0.12,0.25
0.31,-6.59,0.56,0.04,-0.48,4.38,-1.08,0.02,0.09
-0.73,-14.49,-9.03,0.24,-1.75,-23.73,-21.76,0.01,-0.05
-0.98,-0.46,-4.01,-1.11,-2.26,-22.2,-28.89,-0.05,-0.41
-0.34,-5.57,-3.18,-1.03,-0.48,-9.91,-18.28,-0.05,-0.4
0.86,6.42,6.71,0.57,1.27,14.2,11.75,0.09,0.26
-0.57,-13.34,-5,-0.49,0,-11.69,-17.28,0.03,-0.14
-0.24,5.95,-0.68,0.52,-0.93,2.78,5.14,-0.33,0.09
-0.19,10.6,2.78,0.62,0.39,8.37,13.87,0.41,0.22
-0.44,-7.17,-1.47,-1.89,0.42,-7.59,-9.57,0.08,-0.25
-0.55,-3.35,-2.69,-0.49,0.29,1.02,3.39,-0.12,-0.23
0.3,10.02,1.68,-0.15,0.14,4.46,0.42,0.11,0.01
-0.15,-15.3,-1.17,-0.25,0.44,5.42,4.26,-0.12,0.03
0.65,-17.6,-3.41,0.8,0.56,1.43,3.97,0.24,0.2
0.16,-3.19,-0.22,-0.18,0.06,3.86,-0.52,-0.22,0.27
0.23,-0.2,0.58,-0.02,-0.12,16.43,26.41,0.08,0.18
-0.11,-4.77,-2.4,-0.67,0.82,-11.5,-18,-0.47,-0.13
0.19,4.23,2.81,0.29,-1.27,0.89,3.29,-0.24,-0.02
-0.22,-5.34,-3.53,-1.03,0.29,-2.35,1.48,-0.25,-0.32
-0.08,1.21,-0.11,-0.09,-0.2,0.25,3.99,0.02,-0.06
0.34,5.55,5.49,0.46,0.09,5.4,5.92,-0.47,0.17
0.56,8.18,0.9,-0.1,0.43,1.75,-1.34,0.34,0.03
0.31,-0.22,0.92,-0.62,-0.2,3.51,6.25,0.23,0
-0.79,1.07,2.18,-2.22,0.23,8.74,12.4,-0.14,-0.35
-0.48,0.39,2.26,0.95,0.32,4.61,-1.41,-0.09,0.05
-0.23,-2.5,-2.4,-2.13,-0.31,-10.28,-12.6,0.26,-0.35
0.66,-0.84,-0.07,0.76,-0.66,0.57,-4.89,-0.1,0.17
0.13,-0.16,-1.66,0.27,-0.42,-6.18,-5.41,0.16,0.09
-0.04,0.38,1.61,0.23,-0.17,6.27,21.83,-0.03,0.16
-0.16,-4.17,-3.11,-1.28,-0.12,2.45,16.56,-0.21,-0.12
-0.25,1.06,-3.07,0.16,0.41,3.66,0.65,0.59,0.04
-1.07,1.52,6.52,-0.76,0.19,4.88,-7.43,-0.35,-0.24
-0.24,3.55,0.51,-1.81,0.49,-11.1,-9.13,0.01,-0.32
-0.15,2.04,-4.37,1.6,-0.48,-2.27,13.77,0.23,0.17
-0.96,-8.01,-6.38,-3.4,0.22,5.55,23.71,-0.09,-0.31
-0.12,-3.3,-0.94,0.13,-0.97,-10.67,-4.12,-0.11,-0.01
-0.7,-3.49,-2.73,0.38,-1.16,0.21,11.9,-0.29,-0.06
-0.24,1.74,-5.27,0.08,-0.16,9.97,12.87,0.03,0.27
0.99,2.37,-1.2,1.16,0.45,4.56,-1.24,-0.13,0.31
1.13,7.76,1.37,1.98,0.47,-13.98,-22.73,0.63,0.33
0.94,-0.67,-1.21,0.93,0.72,4.14,7.97,0.31,0.19
-0.62,0.57,-0.89,0,0.09,-0.18,-6.64,0.1,-0.04
-0.78,5.86,2.88,-0.38,-0.08,11.38,19.76,-0.12,-0.25
0.34,0.46,0.77,1.2,0.26,-3.28,6.48,0.18,0.29
-0.82,-0.78,-4.1,0.45,0.33,-11.54,-19.42,0,0.08
-0.12,0,-0.58,-0.44,-0.39,0.36,-4.97,-0.13,-0.21
0.37,2.62,0.92,0.88,0.05,1.1,-9.89,-0.17,0.18
0.98,1.28,1.15,0.93,0.5,15.17,22.09,0.21,0.46
0.09,2.76,1.58,1.42,0.86,5.89,12.49,-0.03,0.31
-0.82,-1.71,-1.15,-0.95,0.56,-11.07,-6.53,-0.14,-0.2
-0.25,0.08,-1.31,0.11,-0.79,2.47,8.69,-0.11,-0.11
-0.32,4.03,1.96,0.36,0.02,1.15,-12.9,-0.06,-0.06
0.13,7.06,4.52,-0.5,0.42,20.77,21.91,0.14,-0.11
-0.2,3.38,1.83,0.05,1.35,4.35,5.95,-0.1,-0.06
-0.11,5.16,1.63,0.17,0.72,19.33,39.28,0.09,-0.04
-0.02,-0.47,0.08,-0.01,1.3,-0.64,6.31,-0.18,-0.03
1.22,7.28,0.9,2.72,-0.21,4.49,-2.84,0.16,0.99
0.64,-3.09,-0.49,0.45,0.54,6.7,7.29,-0.19,-0.02
-1.2,-13.88,-7.56,0.2,0.45,-29.22,-22.05,-0.31,-0.17
0.77,8.04,1.35,0.97,-2.29,22.42,21.6,0.14,0.24
-0.81,-7.57,-5.31,-0.77,1.2,-18.88,-22.94,-0.46,-0.22
0.31,-2.68,-4.29,-0.04,-0.94,-4.13,-11.15,0.02,-0.32
-1.17,-1.54,-1.19,-1.55,-0.13,-13.41,-10.64,-0.14,-0.58
-0.62,-1.56,-1.76,-1.01,-1.09,-16.02,-14.34,-0.23,-0.21
0.18,4.09,0.5,0.46,-1.15,11.95,25.02,-0.2,0.16
1.24,1.19,5.4,0.37,1.12,-8.96,-15.67,-0.27,0.18
-0.45,0.08,-1.84,-0.92,-0.79,-7.58,-30.41,-0.04,-0.29
0.47,-0.6,2.01,1.07,-0.58,9.69,13.3,0.09,0.28
0.57,2.52,-1.3,0.48,0.75,-6.99,0.06,0.22,0.12
1.08,-3.84,0.93,-0.41,0.25,6.2,3.02,0.09,-0.18
0.09,2.86,-0.96,-0.11,0.78,13.34,21.53,-0.36,-0.02
0.13,1.72,-0.61,0.56,0.46,-1.77,-1.61,-0.1,0.05
-0.13,0.62,-0.21,0.17,0.19,4.56,-9.59,0.01,-0.05
0.28,-0.4,1.5,-0.22,-0.06,6.21,21.82,-0.4,0.02
0.96,-5.39,-1.39,1.02,0.82,5.45,3.33,-0.01,0.19
-0.65,18.54,0.49,0.07,-0.03,3.93,-6.12,-0.24,0.16
0.04,7.04,2.27,0.95,0.15,12.7,18.54,-0.31,0.24
0.73,0.87,-0.18,1.34,0.71,13.59,14.85,0.32,0.44
0.38,0.84,3.49,0.53,0.9,-4.5,-10.5,0.28,0
-0.05,-5.8,-4.49,-0.95,0.64,-25.06,-36.78,-0.3,-0.35
1.57,-4.15,-0.78,0.54,-1.8,-3.94,-6.74,0.02,0.26
0.13,-1,-1.35,0.24,-0.53,-3.08,9.24,0.31,0.01
0.51,3.69,2.28,-0.16,-0.51,17.6,26.58,-0.01,0.18
0.08,-1.81,0.36,-0.07,0.83,-5.1,-4.1,0.08,-0.04
-0.95,-3.7,-3.38,-1.81,-0.14,-11.78,-17.41,0.28,-0.57
-1.67,-2.32,0.1,-0.33,-0.76,-11.82,-9.33,0.07,-0.14
0.14,-1.86,-0.71,-0.17,-0.78,5.31,3.06,-0.09,-0.06
-0.25,9.26,-0.27,0.41,-0.1,-2.48,-8.25,-0.23,0.09
-0.38,-5.31,-0.81,-1.06,0.18,1.7,2.87,0.06,-0.23
0.23,1.15,2.57,-0.32,-0.23,-2.38,8.54,-0.53,-0.16
0.69,8.49,3.88,-0.1,0.09,14.77,13.52,0.38,0.09
0.72,2.46,1.12,1.15,0.76,3.6,5.65,-0.05,0.48
0.13,4.61,2.89,-0.2,0.4,9.19,6.24,0.53,0
-1.74,1.74,-0.75,-0.18,0.88,-1.19,13.79,-0.68,-0.14
0.49,4.29,0.5,0.67,-0.15,11.15,10.09,0.96,0.39
-0.08,4.91,-1.64,-0.9,0.77,8.01,4.01,-0.59,-0.2
0.47,-5.67,-0.05,-1.14,0.44,6.72,13.24,0.39,-0.3
0.14,3.73,3.03,0.39,-0.14,12.56,32.85,0.46,0.24
-0.16,1.7,0.11,0.94,0.88,7.12,2.77,-0.31,0.38
0.14,-2.81,0.56,1.49,0.21,-1.32,-8.31,-0.69,0.44
-0.96,-3.92,-2.69,0.49,-0.11,-21.48,-14.9,-0.33,0.19
-0.52,1.88,0.05,0.26,-1.39,-4.59,-9.75,-0.27,0.24
-0.26,-4.51,-2.22,-0.2,0.34,-2.69,-8.27,-0.36,-0.01
1.15,-2.52,0.7,0.39,-0.81,3.17,22.41,0.03,0.01
0.19,-4.76,-1.51,0.12,0.32,0.77,-3.91,-0.06,0.04
-1.3,2.24,-0.06,-0.64,0.2,1.37,-0.1,-0.13,-0.05
-0.26,1.38,-1.06,-1.3,0.03,-1.02,2.93,0.12,-0.29
-0.08,-0.3,1.57,0.02,-0.3,17.07,29.41,-0.1,-0.05
-0.3,8.41,1.35,-0.04,1.05,10.96,15.04,-0.58,0.09
1.79,3.98,1.85,0.85,0.64,9.58,6.76,-0.04,0.19
1.51,0.18,2.37,0.25,1.44,9.05,3.98,-0.07,0.05
0.21,-6.61,-3.96,0.12,0.42,-18.45,-21.56,-0.34,-0.08
-1.58,-2.78,-1.16,-0.84,-0.26,-8.14,-18.17,-0.14,-0.34
0.12,0.13,1.77,-0.13,-0.66,6.87,-1.67,-0.05,0.16
0.38,3.17,2.76,0.35,0.05,11.81,25.5,-0.18,0.3
-0.38,0.27,-0.86,0.11,1.22,-11.42,-12.59,-0.05,0.03
-0.19,1.47,-0.94,0.02,-0.61,-1.79,-7,-0.13,-0.05
-0.5,1.43,0.02,-0.57,0.01,10.65,20.16,-0.31,-0.19
0.21,-3.94,-1.67,-0.41,0.24,-6.98,-7.86,-0.84,-0.4
0.22,-4.86,-0.64,-0.1,-0.61,-2.69,-19.49,0.15,-0.08
0.25,4.36,0.62,0.5,-0.3,4.24,2.89,-0.07,0.17
-0.01,3.47,1.22,-0.27,0.6,12.41,22.61,0.57,-0.14
1.67,-6.93,0.4,1.49,0.39,0.68,-9.79,0.07,0.44
1.13,3.03,1.09,0.07,0.2,10.74,19.53,0.53,0.01
-1.45,-0.99,1.13,-0.47,-0.16,-2.51,3.29,-0.31,-0.27
-0.02,-1.15,1.12,-0.63,0,-1.86,2.31,-0.17,-0.14
0.01,-1.24,-0.07,-0.19,0.38,3.55,-10.82,0.14,-0.02
0.53,10.91,3.04,-0.07,0.28,7.1,-8.72,0.31,0.06
1.46,8.66,1.19,0.06,0.57,22.22,-10.93,-0.87,0.07
0.8,-0.31,-1.05,0.62,1.73,0.67,0.42,0.57,0.23
-0.37,-3.04,-1.78,-0.39,0.12,2.61,-3.73,0.04,-0.13
0.11,0.29,-0.36,-0.33,0.04,9.06,15.1,0.08,-0.05
0.4,-2.75,2.67,-0.22,0.45,-0.18,-10.91,-0.06,-0.03
0.67,5.92,1.76,-0.02,0.24,10.57,19.7,0.73,0.08
0.57,8.51,1.84,0.07,1.12,22.53,23.79,-0.37,-0.01
-0.75,0.98,0.24,-0.05,1.61,5.07,16.65,0.11,-0.01
0.31,8.13,2.8,0.74,0.12,21.48,28.18,-0.09,0.31
0.24,4.82,2.18,0.28,1.62,-0.9,4.33,-0.06,0.08
-0.1,4.27,-1.4,-0.12,0.03,1.4,-3.08,0.06,0.05
-1.06,2.49,1.3,-0.84,-0.47,-2.34,11.51,-0.01,-0.05
-0.7,-11.61,-3.08,-0.18,0,-17.57,-36.29,-0.32,-0.09
0.05,3.11,-0.09,0.28,-1.61,4.45,2.8,0.23,0.25
-0.22,-6.92,-1.23,-0.22,1.04,-24.82,-47.03,-0.28,-0.06
-1.24,-5.21,-0.67,0.08,-1.01,2.51,10.13,0.05,-0.03
-0.57,-2.41,-0.15,-0.67,0.05,-7.83,-10.44,-0.04,-0.37
0.6,-1.86,-1.49,-0.28,-0.67,7.37,11.96,-0.2,-0.11
-0.39,11.64,2.65,-0.52,0.74,0.06,-7.7,0.5,-0.13
0.49,8.77,4.11,0.19,-0.19,20.81,21.76,0.19,0.01
-0.18,0.55,0.8,-0.64,2.03,4.63,-16.1,0,-0.14
0.74,-0.97,-2.39,0.26,-0.71,1.64,-16.63,-0.12,-0.02
-0.75,-9.6,-3.3,0.13,-0.24,-25.09,-30.24,-0.41,-0.07
-1.1,1.88,1.41,0.09,-1.26,1.27,-0.2,-0.32,-0.08
0.32,-1.62,-0.23,-0.63,-0.65,7.51,8.88,-0.62,-0.04
0.5,-1.03,-1.09,0.74,0.34,-1.18,2.08,0.14,0.18
-0.93,-3.31,-0.31,0.06,0.01,-13.63,-17.04,-0.77,-0.02
-0.51,-4.73,0.08,-0.8,-1.43,-18.73,-34.85,0.68,-0.36
0.23,-2.02,-1.84,-0.24,-0.74,2.77,14.03,0.18,-0.07
0.25,-2.77,0.4,0.57,0.71,5.85,-10.96,0.81,0.27
0.16,-3.63,-2.03,-0.64,0,-3.58,-6.81,-0.16,-0.17
0.12,-2.96,-1.09,-0.44,-0.9,2.08,-10.64,0.03,0.01
0.16,-0.73,0.03,0.3,-0.23,1.02,-9.73,-0.01,0.04
-0.3,-0.75,-0.64,-0.53,0.52,-5.58,32.08,0.27,0.01
0.51,4.98,3.61,0.99,-0.34,9.97,39.22,0.21,0.44
-0.96,5.65,0.95,-1.49,0.6,-10.75,-18.1,-0.74,-0.44
0.48,2.15,0.5,0.17,-0.07,1.87,11.98,0.01,0.25
0.44,7.83,2.88,-0.74,0.36,19.61,40.35,0.58,-0.24
0.09,5.12,0.42,0.5,1.07,12.12,-8.06,-0.8,0.23
0.37,1.72,1.62,0.1,1,13.87,16.41,1.18,0
-0.01,-0.08,1.27,-0.28,0.23,-16.89,-14,0.05,0.17
1.35,12.41,6.02,0.81,-1.81,23.33,33.04,0.49,0.2
0.22,-3.16,-1.55,-0.1,2.58,-1.68,0.07,0,-0.05
0.21,0.2,-0.97,1.5,-0.55,-12.09,-27.79,-0.98,0.36
0.33,-4.91,-1.76,0.71,-0.18,-5.15,9.83,0.34,0.05
-0.03,2.78,0.63,0.32,-1.15,-1.54,3.99,-0.62,0.23
0.59,2.11,2.92,-1.17,-0.2,23.64,21.23,-0.09,-0.09
-0.7,-1.1,0.1,0.4,1.54,-9.88,-12.69,-0.25,0.06
0.42,-1.3,3.17,0.13,-0.37,8.83,7.26,0.43,0.1
-0.38,-4.55,-3.72,0.65,0.27,-21.48,-31.33,-0.8,0.08
-0.28,-11,-5.14,0.3,-0.58,-2.17,2.26,0.27,0.02
0.06,5.18,2.2,0.05,-0.05,-13.75,-32.28,-0.26,0.1
0.22,4.48,0.15,0.27,-0.33,20.2,50.13,0.61,0.07
-1.08,-7.49,-3.27,-0.69,0.58,-12.19,-8.6,0.75,-0.15
0.44,-3.32,-0.83,0.08,-1.63,15.58,0.16,0.46,0
-0.24,3.01,0.96,-1.46,0.15,-2.3,-5.39,-0.14,-0.16
0.6,3.81,3.83,1.09,0.1,28.03,17.95,0.79,0.42
0.52,-1.34,1.44,0.2,1.5,4.78,22.22,0.49,0.17
0.32,0.21,-0.39,0.44,0.37,-3.78,-15.01,0.31,0.03
0.21,5.5,0.29,0.02,-1.06,16.79,36.13,-0.49,0.09
0.46,-0.04,0.55,0.42,0.95,0.68,-4.38,0.16,0.03
0.94,1.61,1.83,-0.32,0.65,-5.31,8,0.31,-0.18
0.15,3.44,-0.74,0.62,0.49,12.32,7.36,-0.53,-0.05
0.13,-2.82,-1.22,1.09,0.63,7.3,18.37,-0.37,0.35
0.17,2.11,-1.12,0.35,0.71,-3.71,13.71,-0.08,0.14
1.03,5.3,2.87,-0.96,-0.22,18.83,16.3,0.15,-0.14
-0.5,-6.85,-1.23,0.92,1.76,-35.88,-35.35,-0.2,-0.01
-0.33,6.22,2.24,-0.53,-1.53,4.42,7.06,0.57,-0.17
-0.18,7.24,2.26,-1.57,-0.13,10.76,32.64,-0.15,-0.38
0.02,12.4,0.44,0.08,0.4,12.62,9.14,0.08,-0.05
-0.48,-8.03,-1.26,-0.41,1.26,-15.38,-7.26,0.34,-0.01
0.58,6.78,0.21,-0.15,-0.7,3.4,-9.75,0.37,-0.05
0.02,3,1.15,-0.02,0.52,27.27,35.53,-0.38,0.13
0.96,-1.5,0.89,-0.57,0.88,8.4,8.29,0.26,-0.08
-0.34,-3.95,-1.53,0.47,0.19,-18.57,-30.74,-0.28,0.07
0.28,1.24,3.51,-1.13,-0.85,-4.27,35.68,0.01,-0.23
0.21,5.28,1.8,-1.37,0.3,7.37,-11.28,0.2,-0.09
0.24,-0.81,2.57,0.05,0.4,19.85,18.2,-0.05,0.27
0.42,10.31,4.6,-0.31,0.33,17.49,8.43,-0.04,-0.08
0.37,-0.87,-0.33,-0.1,2.65,6.99,5.2,0.01,-0.24
-1.02,0.14,-0.02,0.01,-0.2,-21.54,-31.86,0.12,-0.06
-0.26,-2.3,-1.38,-0.14,-0.84,-12.74,-25.33,-0.52,0.03
-0.07,0.16,2.04,-0.79,-0.33,18.8,53.78,-1.41,-0.13
0.21,-6.33,-1.09,1.11,0.92,7.07,21.08,0.13,0.27
0.47,0.67,0.14,0.19,0.16,-14.48,-7.28,0.54,-0.03
1.11,15.04,4.95,-1.36,-0.21,50.61,46.87,0.26,-0.14
0.38,-0.14,-0.5,0.11,3.21,-16.04,-19.5,0.3,0.22
-0.39,-1.74,-0.23,0.94,-1.69,-13.88,-11.27,1.9,0.27
0.24,-1.71,1.61,4.34,-1.72,18.34,10.06,-0.47,0.39
0.82,15.16,4.42,-0.22,1.48,24.24,28.8,-0.05,-0.13
1.24,-6.3,-1.11,0.51,1.79,-4.95,20.66,0.1,0
-0.76,-1.68,-0.37,-0.57,-0.66,4.58,1.87,0.03,0.03
2.01,5.99,3.45,0.73,0.13,29.85,25.03,0.99,0.09
-1.01,7.81,2.87,0.73,2.39,1.77,-10.25,-0.34,0.06
-1.27,9.92,3.76,-1.4,-0.21,40.32,39.42,0.01,-0.13
0.66,-9.09,-1.07,-1.72,2.52,-4.23,-19.14,-0.15,-0.47
0.49,1.35,-3.04,0.48,-0.07,-0.66,-5.84,-0.37,0.03
-0.77,-10.84,-1.62,2.07,-0.04,-25.72,-43.77,-1.11,0.26
0.67,-4.24,0.99,-1.26,-1.43,14.27,20.74,0.51,-0.12
-0.04,-4.59,-0.56,-0.81,0.42,-8.11,-8.57,0.12,0.1
-1.06,-6.17,-0.18,-2.47,-1.27,-28.75,-54.3,-0.65,-0.21
0.61,5.04,1.38,-1.68,-1.82,-14.84,-40.93,1.03,-0.23
0.42,-8.78,-2.81,0.35,0.13,-12.93,-26.61,0.2,-0.32
1.07,-0.51,1.3,-1.58,-1.64,-5.74,-36.26,-0.57,-0.19
0.64,14.43,2.8,-2.86,-0.36,28.45,25.79,0.36,-0.73
-1.59,-16.94,-4.7,1.14,1.81,-29.92,-44.89,-0.29,0.31
1.1,8.4,1.8,-0.2,-3.09,-5.82,-22.27,-0.08,-0.05
0.45,-14.83,-2.73,-0.14,0.41,-8.97,-5.66,-0.44,-0.04
-0.68,5.87,-0.68,1.68,-1.4,-2.64,0.31,0.24,0.18
-0.85,-3.85,-2.34,0.22,-0.49,-29.44,-44.47,-0.46,0.14
-0.55,-4.51,0.17,0.05,-0.85,-7.11,6.23,-0.07,0.36
0.47,9.89,3.44,0.13,-0.93,5.28,2.53,-0.29,0.02
-0.77,-0.91,0.45,1.36,1.07,6.33,1.1,-0.07,0.18
-2.12,-17.47,-3.5,0.55,-0.07,-39.71,-44.52,-1.3,-0.02
-0.7,7.49,2.51,-0.03,-3.04,1.65,4.84,0.26,-0.14
0.83,14.82,2.7,0.44,-0.05,22.51,6.33,1.08,0.11
0.53,12.81,3.69,-0.63,1.99,14.1,-1.77,0.12,0.06
-1.03,2.93,0.33,0.29,1.29,-5.54,-0.94,0.31,0.04
0.74,-2.12,1.06,-0.87,-1.11,12.82,16.52,-0.44,0.14
-0.04,6.28,2.41,-1.04,0.85,2.35,-25.96,1.01,-0.07
-0.8,-6.16,-2.47,0.61,0.18,-19.81,-5.54,-0.87,0.16
0.44,-1.22,-0.09,2.82,-1.75,-23.75,-35.26,0.37,0.56
0.4,10.69,2.08,-0.85,-1.05,28.36,17.95,-0.29,-0.09
-1.56,5.03,0.54,-0.02,0.64,8.41,4.13,-0.36,0
-0.24,-0.98,0.78,-0.27,0.02,4.07,19.23,-0.03,-0.09
2.92,15.43,1.54,1.96,0.21,9.79,-16.76,-0.51,0.4
0.48,8.46,0.32,0.55,1.02,-12.24,-13.31,0.49,0.08
1.93,14.73,3.44,0.1,0.26,33.47,31.97,-0.04,-0.06
-0.38,-16.39,-3.73,0.35,1.59,-44.42,-43.27,-0.32,-0.05
-1.15,-5.35,-1.97,0.51,-2.8,5.67,29.07,-0.35,0.23
-0.68,1.42,2.81,0.42,0,1.75,5.18,-0.18,0.09
-0.3,-9.03,-0.91,-0.78,-0.53,-24.66,-26.5,-0.64,0.08
0.99,2.55,-0.53,-0.06,0.11,2,-15.72,-0.61,0.18
-0.34,-3.62,-1.8,-0.96,-1.08,-20.14,-14.27,0.53,-0.34
0.24,-12.43,-2.63,0.58,-0.19,-19.56,-20.84,-0.01,0.18
0.22,6.91,2.27,0.06,-0.98,4,-1.27,-1.38,-0.04
-3.44,-6.31,-0.8,-1.81,-1.53,-20.8,-33.74,-0.16,-0.27
-1.11,1.08,-2.93,1.76,0.36,3.53,10.95,-0.72,0.31
1.54,7.05,1.41,0.86,-1.02,-1.72,11.22,0.92,0.44
1.86,12.72,4.87,0.3,-0.03,28.81,42.19,1.54,0.34
3.91,3.45,-0.62,1.54,-0.17,12.66,27.12,-0.53,0.48
0.32,2.31,-1.13,-0.04,2.25,20.06,46.59,-0.34,0.02
0.49,-2.8,0.09,-0.15,0.71,-2.95,-11.5,0.32,-0.21
1.32,-3.71,-0.83,2.08,1.43,3.29,11.18,-0.16,0.39
0.04,1.47,-1.1,0.99,-0.36,4.28,9.61,0.75,0.1
-0.86,-2.41,-0.49,-0.3,0.06,-11.15,-16.64,1.62,-0.36
-2.21,-11.45,-4.28,-0.11,0.05,-15.57,-8.37,0.17,-0.11
0.92,-0.82,0.06,-0.02,-1.52,0.92,9.83,-1.23,-0.03
-1.29,-6.42,0.12,-0.98,-0.84,-20.7,-6.68,-0.13,-0.19
-1.24,-3.4,-1.87,0.17,-1.38,-3.74,-10.62,-0.49,0.23
0,10.76,1.45,2.08,-2.48,41.65,61.91,0,0
-3.28,-3.34,-1.24,1.27,-0.11,-12.5,-20.76,-0.3,0.32
1.89,20.05,5.47,0.26,0,7.94,20.92,0.05,0.17
1.46,-3.95,-2.35,-0.93,-0.96,-24.76,-35.07,-0.69,-0.11
-0.03,-0.42,0.34,0.55,2.85,7.07,4.35,0.24,0.1
-0.96,8.28,2.02,0.77,-0.75,-17.81,-14.4,0.25,0.05
1.01,12.12,2.44,-0.28,-0.42,26.99,37.19,-0.15,-0.1
-0.5,12.97,3.65,0.22,-1.23,31.64,41.61,-0.32,0.2
-1.85,-2.19,-3.02,-0.09,0.8,-24.53,-39.56,-1.38,0.08
0.04,9.58,6.5,0.18,3.62,27.14,17.15,-0.04,0.21
-2,5.38,2.44,0.05,-1,30.87,42.67,-0.74,0.02
-1.2,-20.69,-2.37,-1.5,3.39,-72.4,-85.64,0.43,-0.09
-0.72,2.38,-2.03,0.27,1.73,9.35,30.33,-0.55,0.13
2.12,11.81,5.08,-0.14,-4.64,34.78,46.34,1.4,-0.06
-1.43,13.37,-3.83,-0.47,1.62,3.99,-9.36,-0.79,-0.1
2.56,-11.82,7.74,0.46,4.02,50.61,33.6,0.53,0.33
0.19,-0.08,0.65,2.85,-0.62,44.19,65.02,0.2,0.17
-2.09,-15.33,-4.75,0.3,1.94,-53.43,-41.9,-0.78,-0.24
-1.46,-15.21,-3.15,-1.16,3.41,-52.45,-71.7,0.22,-0.37
-0.54,-4.15,0.27,0.13,-3.34,6.78,0.78,-0.34,0.31
-1.39,-2.88,-0.34,0.22,-3.87,-22.48,-13.47,0.55,-0.07
-0.43,6.77,-3.52,-0.09,1.35,-31.07,-60.64,0.37,-0.14
2.29,20.31,6.57,1.66,-1.03,58.16,58.5,0.27,0.18
-1.59,-11.05,-2.31,-1.45,-2.77,-41.09,-41.04,-0.9,-0.31
-1.74,2.77,-0.04,-0.51,5.13,-18.2,-24.68,-1.61,-0.22
-1.7,-9.22,-4.29,-1.22,-2.32,-17.54,-4.04,-0.07,-0.28
-0.46,-1.98,-1,-0.09,-0.81,23.55,26.73,-0.15,-0.03
-1.98,-8.75,-1.95,-2.14,-2.74,-47.52,-60.34,-1.1,-0.68
-2.06,-19.91,-5.61,-1.52,2.17,-49.07,-57.78,0.38,0.06
3.04,13.5,1,2.33,-3.66,34.44,29.26,0.8,-0.02
-1.31,-11.09,1.03,-0.45,-3.14,-2.37,5.24,1,-0.09
2.6,3.2,0.19,-1.28,1.05,15.64,32.95,1.27,0.04
-1.57,-8.77,2.81,-2.18,0.29,14.71,43.44,-1.4,-0.21
1.29,-7.79,3.69,-1.05,1.93,-9.42,1.34,1.16,0.07
0.37,29.7,4.48,0.76,0.46,91.59,118.64,0.42,0.1
-0.59,-5.32,-2.98,1.05,-1.34,-25.36,-54.34,-0.2,0
1.63,12.82,6.05,2.91,7.3,-18.45,-46.74,0.14,0.42
1.07,-1.33,1.72,1.01,-2.32,9.03,18.87,-1.33,0.15
-1.58,-1.32,-0.5,-2.73,2.55,-54.89,-36.25,-0.79,-0.31
-0.53,-9.64,-5.46,0.13,2.32,-25.35,-53.42,0.48,0.28
1.42,-0.43,-1.34,0.73,-2.56,41.89,56.07,-1.16,0.29
1.25,-6.42,-2.2,0.09,-1.16,-1.74,-13.67,0.58,-0.02
-0.99,20.26,2.12,-3.11,3.8,36.9,55.78,0.66,-0.4
-1.48,-15.48,-5.89,1.11,-0.06,-86.76,-95.88,-0.47,-0.01
-3.45,-30.82,-12.18,-0.2,3.56,-11.96,7.48,0.01,0.09
0.58,25.23,5.71,-1.62,-6.97,90.6,87.82,-0.03,0.03
1.35,18.84,11.1,-6.37,-4.23,-3.09,-47.2,0.31,-1.59
-2.74,-15.54,-4.61,2.61,6.99,-78.5,-75.97,0.14,0.44
1.08,7.95,3.88,-1.27,1.36,-3.97,-24.89,0.68,-0.31
-0.99,-27.32,-11.32,0.09,-8.37,-61.37,-33.61,-0.92,-0.17
-1.68,-2.77,6.18,-1.56,-1.85,-40.67,-50.8,-0.4,-0.5
0.97,-10.44,-6.93,1.36,-5.47,-15.93,-14.77,0.23,0.05
-2.14,-19.3,-7.91,-2.23,-0.96,-46.36,-50.86,-1.69,-0.96
0.02,0.57,-2.8,-0.26,-2.55,-3.11,-19.52,1.28,0.17
2.91,4.54,5.41,-2.24,-2.23,52.58,35.14,0.83,-0.58
-4.65,-38.51,-14.36,2.51,1.13,-102.65,-66.33,-0.45,0.2
1.68,3.04,3.33,-0.39,2.8,8.8,3.49,0.01,0.01
2.49,0.76,2.13,-0.67,-5.08,21.31,21.7,0.75,-0.29
-2.96,4.77,1.44,-1.97,2.5,-2.92,-18.26,-1.25,-0.33
-1.97,-3.98,-5.01,-0.55,1.26,-19.39,-23.26,0.35,-0.13
2.6,-23.99,-8.89,2.33,-0.63,-48.28,-40.78,1.1,0.44
0.02,-11.85,-1.69,0.4,-1.76,41.97,24.08,-0.75,0
-0.46,16.44,3.52,-2.69,-3.32,49.43,59.96,-2.04,-0.44
2.27,-23.99,-10.66,8.35,-2.57,-53.95,-83.43,1.66,1.16
1.23,16.97,6.02,0.1,2.55,25.29,-0.19,0.09,-0.14
-0.91,9.86,-1.67,0.92,-2.47,-58.22,-41.73,0.79,0.13
-0.67,7.45,-1.97,1.29,2.78,5.82,10.32,0.17,0.17
-1.4,25.4,4.47,-0.53,-1.35,20.01,18.28,-1.53,-0.28
-0.81,-10.31,-0.71,-2.66,1.15,4.54,-16.72,-0.37,-0.76
-1.98,-4.51,-5.18,-0.9,3.08,-43.47,-23.97,1.07,-0.66
-1.44,-32.07,-6.65,-1.24,-0.11,18.29,22.04,0.08,-0.4
-0.84,-1.24,1.59,-1.1,-2.63,9.1,9.06,-0.12,-0.76
-1.29,-9.74,-4.64,-1.31,-0.37,-34.97,-31.52,0.94,-0.24
1.09,-4.32,0.12,-0.3,0.77,-1.63,-8.3,1.01,0
2.31,-11.52,-6.21,1.04,-2.4,-10.25,0.06,-0.84,0.48
-2.58,-6.46,-3.43,-0.6,0.26,-13.66,-13.05,-1.34,-0.25
-3.7,1.29,-1.54,-0.88,-1.8,16.89,30.71,-2.82,-0.24
-0.36,-5.15,1.36,-0.53,-1.06,10.37,6.38,-1.09,-0.08
-0.26,-9.3,0.88,0.62,1.41,4.48,8.88,-0.21,0.13
0.44,-3.1,-3.6,-0.17,0.76,-23.63,-19.65,0.42,-0.04
-4.28,-0.91,0.97,-0.41,0.02,14.61,15.25,-1.64,-0.09
1.38,3.61,-0.18,0.29,-1.82,6.65,-8.9,0.68,0.11
0.3,-9.72,1.07,-0.09,1.37,7.2,-3.72,0.16,0.13
1.68,0.07,-1.01,2.51,0.82,-9.96,-20.35,0.41,0.32
-1.38,-11.54,-0.18,0.27,0.17,-19.54,-11.94,-0.51,-0.02
0.33,3.16,-3.3,-0.37,-0.62,4.35,17.17,0.06,-0.32
-0.46,7.79,0.99,-1.36,-2,10.82,0.17,-1.5,-0.3
2.01,-1.57,1.32,0.97,0.07,-2.81,-4.54,1.3,0.44
-1.46,0.61,3.21,-0.22,1.56,-15.2,7.05,-0.2,-0.09
-1.04,8.37,3.49,-3.33,-0.68,10.9,-0.96,0.32,-0.79
-2.45,14.86,5.69,0.08,-0.89,30.03,44.97,-0.68,-0.18
-0.73,-2.88,0.86,-0.55,0.77,-20.44,-8.43,-1.24,-0.33
-0.88,7.97,4.22,-0.16,2.73,5.2,4.87,0.51,-0.08
-1.04,12.26,5.22,-1.2,-0.9,30.01,31.2,0.39,-0.34
-2.63,-5.12,-3.37,-0.94,0.96,-4.26,-5.32,-1.85,-0.36
1.42,-4.65,-3.24,0.07,2.26,-9.11,-1.54,1.54,0.02
-2.24,-0.81,1.41,-0.97,-0.37,-13.99,-15.81,-0.23,-0.1
3.88,-2.8,2.1,0.66,-1,19.74,8.45,1.55,0.54
-1.93,3.81,1.67,-0.64,-1.02,26.82,26.97,0.08,-0.01
0.74,-14.97,-7.94,0.34,1.23,-23.39,-21.59,-0.38,0.12
-1.06,5.49,1.72,0.66,2.25,4.25,20.57,-1.46,0.14
0.08,-21.08,-5.29,0.25,-1.93,-30.68,-34.32,-2.53,-0.04
-2.37,7.61,1.27,-2.07,-0.72,3.32,23.88,-1.41,-4.07
-1.88,10.39,13.02,-2.67,-2.65,19.92,28.69,-0.12,-6.13
1.57,-12.08,-0.61,0.37,0.28,-1.82,-5.62,0.33,0.76
-1.4,-17.03,-3.37,-0.05,1.74,2.46,6.85,0.62,-1.46
-3.33,-0.72,-2.29,-0.48,-0.76,14.01,-7.82,-3.14,-2.62
-2.27,21.56,2.61,-1.83,0.35,30.71,18.75,0.49,-2.33
-5.31,-0.19,-2.84,-0.38,0.98,-11.92,-7.61,-2.75,-3.19
-0.02,-17.38,-5.36,0.82,2.44,-13.31,-7.36,-0.07,2.27
-1.69,-2.7,-2.89,0.13,-0.46,-9.17,-31.2,-2.92,0.94
2.9,-4.43,1.71,1.13,-1.67,8.14,10.75,1.25,0.94
-1.29,-9.21,-5.95,0.62,-0.14,-28.69,-25.43,-1.7,1.51
-1.58,8.54,4.15,0.31,0.61,21.86,33.82,-1.18,1.76
0.66,1.61,2,0.66,-2.39,-10.59,2.37,-1.08,-1.15
0.03,6.12,0.53,-0.11,1.49,-0.06,10.97,0.61,0.76
3.03,-9.47,-7.02,0.89,-0.96,-24.3,-29.67,-0.33,3.43
-1.1,15.15,10.45,0.13,0.24,8.22,9.6,-0.21,1.77
-1.5,-6.05,-2.75,-0.49,-1.63,1.94,-5.63,0,-1.98
-0.12,0.39,3.58,0.49,1.39,-5.22,4.39,-0.27,0.9
1.74,-15.28,-5.81,1.11,-0.06,-33.14,-41.41,2.05,-0.39
-1.77,6.03,2.78,-0.01,-1.11,7.43,-18.84,-0.52,0.43
0.52,-2.84,0.88,0.17,-2.34,-2.94,-7.58,0.18,-0.88
1.46,-0.15,-1.58,0.08,-0.29,-1.77,4.42,0.88,1.26
-0.56,-10.55,-4.08,0.13,-0.1,-23.09,-16.63,-0.37,-0.49
-3.88,4.85,2.35,-0.95,-0.29,5.94,20.97,-2.06,-2.79
2.14,-2.13,-2.37,0.62,-1.37,-11.78,-12.33,1.03,0.21
0.41,-6.89,3.33,0.53,0.08,-9.78,-13.67,-0.48,1.62
-3.76,6.31,5.54,-1.19,-0.97,1.29,-4.82,0.3,-2.57
0.28,10.02,0.73,0.5,-1.45,18.22,28.24,0.18,0.03
3.26,4.19,-8.23,0.41,0.13,4.09,0.7,1.23,0.58
2.22,-11.04,-3.53,0.45,1.11,-21.6,-17.35,0.39,0.82
-3.11,4.61,5.13,-0.73,0.07,-0.54,-5.76,-0.74,-2.69
-0.97,-10.19,-3.18,-0.55,-1.63,0.93,-9.03,-0.17,-2.05
3.74,-12.75,-2.36,1.27,0.71,-39.38,-65.82,-0.32,2.52
3.81,9.22,3.09,0.48,0.57,26.57,13.84,0.15,2.53
-0.89,6.89,1.17,-0.44,-3.06,0.94,-1.95,1.31,1.41
-1.56,-9.2,-1.49,0.23,1.76,-8.77,-31.05,-0.2,2.06
1.11,-7.5,-2.5,0.49,0.17,-13.95,-16.33,0.38,1.48
-0.15,2.33,1.3,0.11,-1.43,2.02,27.87,0.69,0.32
-2.14,8.21,-0.07,-0.43,-0.82,7.76,-5.91,-1.76,-2.38
2.91,0.3,-0.4,0.65,-0.57,4.3,9.88,0.84,1.1
-1.07,15.94,3.68,-0.48,0.55,9.38,13.44,-1.14,-3.76
-0.97,-2.34,0.4,-0.1,0.07,-16.27,-9.98,-0.13,0.41
-2.17,-2.49,-2.21,-0.22,0.56,3.52,8,0.1,0.78
3.7,-28.53,-7.48,1.35,-1.02,-23.35,-35.89,1.29,3.95
0.39,3.97,4.08,1.29,-0.1,-11.09,-18.48,1.24,5.87
0.35,-1.03,-4.26,-0.18,-2.37,1.35,10.89,-0.96,-0.64
-0.59,-1.36,-2.49,0.58,-1.21,1.46,-0.7,-1.96,-0.09
-1.79,2,2.92,-0.13,0.52,15.21,8.6,-1.27,-2.06
-1.01,-10.19,-4.97,-0.53,-0.42,3.01,7.04,-0.74,-3.19
1.59,-3.23,1.35,0.27,1.05,-1.36,8.46,0.81,-0.42
-0.71,10.19,2.95,0.07,0.22,14.18,26.98,-0.99,2.38
0.37,-5.8,0.29,0.05,-0.57,-6.62,-6.08,0.84,-0.18
1.16,-3.19,1.29,0.48,0.94,3.39,27.09,-0.38,0.34
1.57,-11.27,-3.46,0.35,-0.16,-24.92,-24.69,0.84,0.7
1.41,-4.64,2,0.3,-0.38,12.66,1.69,-0.92,1.36
1.51,-3.96,2.81,0.59,-1.87,-7.85,-14.1,1.14,-0.2
2.3,-17.2,0.75,0.62,1.15,4.74,-3.03,1.09,1.53
-0.4,14.77,5.04,-0.52,-0.75,23.37,25.38,-0.89,-2.81
-1.08,12.08,-2.24,0.55,-0.56,-5.63,0.45,0.16,2.24
-0.93,7.64,3.94,-0.92,1.96,-4.67,-2.62,-1.49,-0.64
-0.18,6.24,2.49,-0.19,-0.34,-1.59,2.94,0.07,1.31
0.72,-4.96,-0.97,-1.06,-0.2,9.96,17.52,0.37,-0.04
-0.2,-8.25,3.6,-1.04,-0.09,8.3,31.43,0.36,-0.83
0.78,-11.45,-1.16,0.22,-0.11,1.53,18.58,1.79,0.28
1.4,17.43,-7.2,-0.15,0.33,-10.49,-19.23,-0.51,1.13
0.91,-1.6,5.95,-0.54,-0.19,0.45,-7.59,0.64,-2.09
2.81,4.2,1.92,0.9,-0.38,21.33,32.21,1.64,2.71
0.2,-6.09,0.32,-0.75,0.29,2.19,-10.64,-0.12,-2.83
0.93,10.63,1.98,0.08,-0.1,27.69,36.25,1.05,-0.51
0.43,-11.29,-1.02,-0.07,0.9,2.71,-17.49,0,1
0.79,-5.5,1.01,-0.21,2.11,-3.88,-1.03,0.67,0.13
0.83,-6.62,-5.58,-0.11,-0.27,-25.15,-26.68,-0.26,-1.27
-0.9,4.12,3.42,-0.55,-0.15,5.18,8.31,-0.92,-1.82
1.81,-4.94,-1.87,1.99,-1.21,-11.01,-0.5,0.51,3.26
0.19,-5.23,-0.71,0.31,0.44,-4.62,2.06,-0.54,0.58
0.44,-0.21,-0.24,0.44,-0.4,-1.15,0.58,0.5,1.22
0.44,14.08,0.89,0.77,0.71,0.55,12.68,-0.81,2.9
0.75,-6.61,4.55,0.83,-0.71,3.62,-2.75,-1.39,1.97
2.98,-4.2,-1.29,1.99,-0.19,-2.43,5.47,1.38,6.04
1.06,17.97,3.23,-1,0.8,43.77,34.97,-1.27,1.12
-3.36,4.83,0.23,-2.15,-0.17,6.78,6.1,0.08,-9.17
-0.64,-9.38,1.21,-0.08,2.18,-11.8,7.66,0.35,0.58
0.66,-1.92,-4.7,-0.05,0.5,-14.58,-15.18,0.69,2.97
2.78,5.6,4.19,0.69,-1.2,-11.32,-6.87,0.63,4.75
0.72,-6.68,1.02,0.82,-1.41,3.92,8.61,0.17,4.54
-0.7,22.13,5.52,-0.55,-0.87,19.59,20.36,1,0.16
1.6,6.23,2.15,-0.82,-0.26,29.84,2.13,1.64,-2.99
-2.28,-9.11,-3.45,-2.61,1.29,-32.55,-31.71,-1.27,-9.42
1.02,10.18,3.64,-2.85,1.6,53.58,39.31,1.42,-6.4
-0.62,-8.12,4.18,-0.15,-3.04,-6.61,-14.74,-1.7,-1.18
-0.48,-5.06,-3.27,0.68,2.24,-27.91,-9.38,-1.6,0.46
0.19,10.34,3.84,-0.16,2.41,10.22,9.57,1.2,-1.15
0.91,0.17,-1.01,0.43,-2.35,-12.36,-2.72,0.35,2.83
0.84,14.58,3.25,-0.53,1.69,46.25,33.96,0.37,-2.45
2.56,-15.21,-2.29,0.87,-0.63,-19.79,-34.41,1.4,1.6
0.42,4.47,1.84,-0.51,2.06,-8.16,-16.93,-0.8,-0.03
1.1,-14.99,-3.68,-0.48,-1.31,-27.86,-16.37,0.2,-5.44
2.81,2.45,0.91,1.62,-0.54,6.01,15.58,1.12,7.51
-2.33,-6.35,2.63,-2.1,-1.4,-2.83,-20.6,-0.17,-5.94
-0.16,-14.49,-2.71,-0.28,0.24,0.89,10.64,-0.33,-0.55
-0.71,-0.69,-4.27,0.36,0.89,-33.44,-15.88,-0.32,0.19
1.74,4.89,2.71,1.07,0.03,-10.48,-9.31,1.16,4.38
-0.99,12.73,4.73,0.22,-1.69,1.07,-3.77,-0.48,0.47
1.55,2.99,1.51,1.28,-0.26,9.53,1.33,-0.38,5.09
0.38,-19.51,1.15,-0.97,0.61,19.05,29.28,-0.41,-0.16
0.22,5.74,-3.02,-0.17,1.67,8.89,13.38,2.15,0.85
-1.12,-9.99,-4.51,-0.19,1.85,-19.68,-24.73,-0.32,-0.66
1.18,5.49,1.62,2.4,0.59,11.64,-7.33,-0.48,4.99
0.85,-25.99,-3.81,0.35,-1.48,-7.08,16.37,0.31,1.13
-0.51,1.33,-1.64,-1.15,1.55,2.47,-11.57,-0.55,-3.84
0.89,-6.1,-1.94,0.34,-1.05,-18.47,-22.19,1.17,-0.14
0.81,12.12,2.72,0.56,-0.01,14.09,25.13,0.1,2.17
-0.1,-5.3,-5.84,-1.5,-1.68,8.31,7,-0.75,-3.6
1.88,0.64,1.44,0.29,0.75,7.21,7.01,0.27,2.91
2.12,7.28,3.4,1,0.6,-5.59,3.94,0.96,2.35
1.18,8.09,1.27,0.9,0.63,12.9,3.75,0.68,1.49
-1.46,-9.43,-8.83,-0.05,-0.43,-13.03,-24.09,-0.24,-1.07
-0.28,17.37,-1.07,-0.22,1.13,-43.64,-39.04,0.25,-0.97
0.72,-13.64,-2.56,0.59,-1.15,-14.56,-0.31,1.13,1.37
-1.7,-12.77,-2.49,-2.4,-1.73,16.82,14.27,-0.98,-4.1
0.53,25.29,5.91,0.48,-1.18,26.57,20.73,0.09,1.33
-0.06,-0.92,0.81,1.35,0.94,-6.41,-2.73,-0.26,1.08
1.35,-9.95,0.39,-0.21,3.33,6.36,10.39,-0.08,-0.52
1.22,-14.99,1.85,0.79,-0.43,23.26,5.44,0.61,1.68
-0.09,-25.41,-8.98,-0.63,0.29,-26.71,-3.08,0.51,-0.42
1.18,15.69,-4.39,0.36,1.51,11.94,29.77,0.8,-0.9
0.05,-12.09,2.88,0.73,-2.45,28.19,10.58,-0.16,1.78
1.1,22.32,7.58,2.03,0.53,-2.44,-26.32,-0.5,4.02
0.01,-8.11,-0.35,0.25,5.46,-8.71,-5.33,-1.36,-0.69
-1.23,-19.97,-0.62,-1,2.91,-41.54,-46.96,0.03,-1.82
-0.23,-13.02,-5.59,-1.47,-1.76,-4.21,-3.75,-0.46,-2.12
-0.26,-8.25,-8.68,-1.61,-3.28,-30.93,-13.78,-0.66,-3.54
0.18,2.68,1.26,0.09,0.01,13.34,12.1,-0.47,1.25
-0.28,-4.45,-3.31,0.54,-1.19,-18.89,-19.64,-0.74,1.32
-0.1,1.72,0.44,1.83,0.23,13.55,12.41,0.76,5.67
-0.4,23.16,8.1,-0.01,-1.33,18.88,28.52,0,-0.02
-0.65,-21.32,-8.89,0.5,1.3,-25.52,-42.64,0.03,2.7
-1.57,-4.69,-3.61,-0.47,0.84,2.11,-16.55,0.48,-1.08
-0.39,-22.69,-11.4,-0.21,-2.68,-32.38,-34.93,0.71,-0.84
-0.26,0.07,-0.48,0.7,-0.48,-0.39,22.68,-0.2,1.86
1.09,-7.68,-4.43,1.3,-1.4,-20.81,-23.76,1.09,3.24
