Day,Actual,Prediction,Bought,Sold,Profit
4,2.29,-1.430484157,-0.46583582,,-0.922548818765
5,-0.43,-0.612808387,-1.50584136,,-3.88103770182
6,-1.39,-0.579341773,,,-3.88103770182
7,-0.54,0.664048359,,,-3.88103770182
8,-1.46,0.529502367,,,-3.88103770182
9,-2.09,1.725339296,,,-3.88103770182
10,0.19,1.413018907,2.77334811,,2.03824407739
11,2.56,-1.254645954,-1.54917492,,-1.37177436137
12,-1.43,-1.197176485,,,-1.37177436137
13,2.12,0.945844827,,,-1.37177436137
14,-0.72,-0.096782038,-1.32539202,,-4.25213139938
15,-1.2,-0.701514223,-2.2089867,,-8.98042120418
16,-2.0,-2.150983929,,,-8.98042120418
17,0.04,0.197217053,,,-8.98042120418
18,-1.85,0.130170771,-0.55224667,,-10.290055419
19,-0.5,-0.548804951,1.11553828,,-7.70939339416
20,1.01,-0.670808984,,,-7.70939339416
21,-0.96,0.385857336,-0.03313481,,-7.78664559812
22,-0.03,-5.16587842,1.61256029,,-4.16557251435
23,1.46,-2.102861997,2.08749243,,0.836555839635
24,1.89,-0.746146739,-3.62273819,,-7.40731014061
25,-3.28,-2.204280661,0.0,,-7.40731014061
26,0.0,-2.041828582,,,-7.40731014061
27,-1.24,0.932672431,-1.42479642,,-10.9183204204
28,-1.29,-0.67833851,1.01613388,,-8.36837813658
29,0.92,-0.312153699,-2.4409303,,-14.5348179642
30,-2.21,-1.968254014,-0.94986428,,-16.9165437073
31,-0.86,-0.525265921,,,-16.9165437073
32,0.04,-0.035441959,,,-16.9165437073
33,1.32,1.225380834,0.54120174,,-15.5786898313
34,0.49,-2.242400177,0.35343787,,-14.6745794202
35,0.32,-3.491965209,4.36370046,,-3.24524079146
36,3.91,-1.657425576,2.07582681,,2.08386348864
37,1.86,-2.228353989,,,2.08386348864
38,1.54,2.634325602,,,2.08386348864
39,-1.11,0.841957006,-3.83916357,,-7.48215367184
40,-3.44,-1.576742416,,,-7.48215367184
41,0.22,1.036350496,0.26784862,,-6.79107732586
42,0.24,-1.997692592,-0.37945221,,-7.81369860348
43,-0.34,-0.727112414,,,-7.81369860348
44,0.99,0.415794499,-0.33481078,,-8.69082802552
45,-0.3,-0.601380514,-0.75890443,,-10.7028253406
46,-0.68,-0.354847051,,,-10.7028253406
47,-1.15,0.804076237,-0.42409365,,-11.8713145388
48,-0.38,-2.968744787,2.15394933,,-6.02635361688
49,1.93,-2.274092168,0.53569725,,-4.49936137391
50,0.48,-1.277479321,3.2588249,,4.98251095688
51,2.92,-0.219102725,-0.26784862,,4.20438240557
52,-0.24,-0.419765665,,,4.20438240557
53,-1.56,1.053826831,,,4.20438240557
54,0.4,0.186444695,,,4.20438240557
55,0.44,-0.023893581,-0.89282874,,1.42745015807
56,-0.8,-0.236796265,-0.04444798,,1.28479551889
57,-0.04,-2.466405823,0.82228765,,3.94923736916
58,0.74,-1.735358377,,,3.94923736916
59,-1.03,0.012208457,,,3.94923736916
60,0.53,0.311872239,,,3.94923736916
61,0.83,3.619156715,,,3.94923736916
62,-0.7,2.207701233,,,3.94923736916
63,-2.12,1.819172832,,,3.94923736916
64,-0.77,-0.047820788,0.52226378,,5.85321796714
65,0.47,-0.755461448,,,5.85321796714
66,-0.55,0.403778624,,,5.85321796714
67,-0.85,0.362874623,-0.75561567,,2.79543598076
68,-0.68,-0.529137931,0.50003979,,4.73660034507
69,0.45,-1.548279603,,,4.73660034507
70,1.1,0.374469961,-1.76680723,,-1.94871455286
71,-1.59,-2.667492638,,,-1.94871455286
72,0.64,0.301399544,1.18898349,,2.25966394186
73,1.07,-1.052363332,0.4667038,,3.86164301861
74,0.42,-0.258195213,0.6778317,,6.25784580343
75,0.61,-2.527347699,-1.172043,,1.84777075689
76,-1.06,-1.190572588,,,1.84777075689
77,-0.04,0.157431875,0.74081963,,4.38073312869
78,0.67,-0.695601054,,,4.38073312869
79,-0.77,0.547261782,0.54179346,,6.24060800416
80,0.49,-2.137314729,0.72976262,,8.74574559294
81,0.66,-0.444983269,-1.40424019,,3.99979726686
82,-1.27,-1.37191859,,,3.99979726686
83,-1.01,1.671502504,,,3.99979726686
84,2.01,3.064080547,-0.84033272,,1.21572378007
85,-0.76,-0.86654171,,,1.21572378007
86,1.24,2.054348504,0.90667477,,4.11568511048
87,0.82,-0.185265057,0.26536822,,4.9664772062
88,0.24,-1.876188662,-0.43122337,,3.63519504832
89,-0.39,-0.125295797,,,3.63519504832
90,0.38,5.734974911,1.22732805,,7.3859308461
91,1.11,-0.526188468,0.51967944,,9.00672041651
92,0.47,-2.275705835,0.2321972,,9.74515304567
93,0.21,-0.644172806,-0.07739906,,9.50575883802
94,-0.07,-0.894419885,-0.28748224,,8.58761963093
95,-0.26,-1.003553737,-1.12781496,,4.86085745299
96,-1.02,-0.996928825,,,4.86085745299
97,0.37,0.388615401,,,4.86085745299
98,0.42,0.039866393,,,4.86085745299
99,0.24,0.202278667,,,4.86085745299
100,0.21,0.091111237,,,4.86085745299
101,0.28,0.224037943,-0.37502635,,3.64321088583
102,-0.34,-0.76830764,1.05889793,,7.13067959759
103,0.96,-0.103033792,,,7.13067959759
104,0.02,0.062445051,,,7.13067959759
105,0.58,0.572488427,,,7.13067959759
106,-0.48,0.830648555,,,7.13067959759
107,0.02,1.714481195,,,7.13067959759
108,-0.18,1.265344656,,,7.13067959759
109,-0.33,0.475550972,,,7.13067959759
110,-0.5,0.706414054,,,7.13067959759
111,1.03,0.00019387,0.18751318,,7.8009856702
112,0.17,-0.227816801,0.14339243,,8.30599930322
113,0.13,-1.075836858,0.1654528,,8.87107407625
114,0.15,-0.993858097,1.03683756,,12.6418482067
115,0.94,-0.701948979,,,12.6418482067
116,0.46,0.458733802,,,12.6418482067
117,0.21,0.117255905,,,12.6418482067
118,0.32,0.86974855,,,12.6418482067
119,0.52,0.809220634,0.6601632,,14.8976929761
120,0.6,-0.33183356,,,14.8976929761
121,-0.24,0.825871886,,,14.8976929761
122,0.44,0.609336832,,,14.8976929761
123,-1.08,0.732296153,0.24205984,,15.6810054208
124,0.22,-0.189752622,0.06601632,,15.8963594501
125,0.06,-0.107861725,,,15.8963594501
126,-0.28,0.294558833,,,15.8963594501
127,-0.38,0.60939202,,,15.8963594501
128,0.42,-0.070690915,,,15.8963594501
129,-0.7,0.487551051,0.64916047,,18.0252153464
130,0.59,-0.455400901,,,18.0252153464
131,-0.03,-0.087734046,0.36308976,,19.1864652353
132,0.33,-1.46340252,,,19.1864652353
133,0.21,0.136530502,,,19.1864652353
134,0.22,0.790927154,,,19.1864652353
135,1.35,1.057022408,,,19.1864652353
136,-0.01,1.008582357,0.40710064,,20.4475173479
137,0.37,-1.161846574,,,20.4475173479
138,0.09,0.609663276,0.48272519,,21.8802534042
139,0.44,-0.496301815,0.5266093,,23.4558666773
140,0.48,-0.325943121,,,23.4558666773
141,-0.96,-0.067486513,,,23.4558666773
142,0.51,0.095116929,,,23.4558666773
143,-0.3,0.36641732,0.17553643,,23.9843026864
144,0.16,-0.14615177,,,23.9843026864
145,0.12,0.401161662,,,23.9843026864
146,0.16,0.45595684,0.27427568,,24.770406556
147,0.25,-0.327134413,0.25233363,,25.5024778296
148,0.23,-0.482789172,-0.55952239,,23.8625530584
149,-0.51,-0.573426971,-1.02030553,,20.9418589905
150,-0.93,-0.407486451,0.54855136,,22.5248676113
151,0.5,-0.735592671,,,22.5248676113
152,0.32,-0.026877715,-1.206813,,19.0752296574
153,-1.1,-1.085480974,-0.82282704,,16.6615425769
154,-0.75,-0.227515358,,,16.6615425769
155,0.74,1.014713105,,,16.6615425769
156,-0.18,0.443750671,,,16.6615425769
157,0.49,0.08245938,,,16.6615425769
158,-0.39,0.885087079,,,16.6615425769
159,0.6,0.733269091,-0.62002263,,14.9343456984
160,-0.57,-1.176906403,,,14.9343456984
161,-1.24,-0.011321206,,,14.9343456984
162,-0.22,0.709729569,0.05438795,,15.1001482758
163,0.05,-0.109835281,,,15.1001482758
164,-0.7,0.249430926,-1.15302453,,11.4722518396
165,-1.06,-0.104305225,,,11.4722518396
166,-0.1,0.852334493,,,11.4722518396
167,0.24,0.31957598,0.33720529,,12.550118289
168,0.31,-0.741099129,,,12.550118289
169,-0.75,-0.094999925,,,12.550118289
170,0.57,0.049512177,,,12.550118289
171,0.67,0.853476739,0.43510359,,13.8804979184
172,0.4,-0.446963503,0.11965349,,14.2412944299
173,0.11,-0.409556055,,,14.2412944299
174,-0.37,0.049167419,,,14.2412944299
175,0.8,0.715953836,,,14.2412944299
176,1.46,0.14984431,,,14.2412944299
177,0.53,0.02050981,0.01087759,,14.2727571937
178,0.01,-1.751046068,-0.02175518,,14.2088819795
179,-0.02,-0.908843044,-1.57725054,,9.46653148652
180,-1.45,-0.21675901,,,9.46653148652
181,1.13,1.515445138,1.81944239,,14.668839588
182,1.67,-0.507661216,,,14.668839588
183,-0.01,0.175478526,,,14.668839588
184,0.25,1.184246871,,,14.668839588
185,0.22,0.528831041,,,14.668839588
186,0.21,0.379395496,,,14.668839588
187,-0.5,-0.012770723,,,14.668839588
188,-0.19,0.460958956,-0.41400485,,13.4987494083
189,-0.38,-0.158691002,0.41400486,,14.6653581469
190,0.38,-0.159728186,,,14.6653581469
191,0.12,0.925837984,,,14.6653581469
192,-1.58,1.136750737,,,14.6653581469
193,0.21,1.313545819,1.64512457,,19.5633692201
194,1.51,-0.324269194,1.95018077,,25.4543251903
195,1.79,-0.283557284,-0.32684594,,24.4631137714
196,-0.3,-0.491840375,,,24.4631137714
197,-0.08,0.224146029,,,24.4631137714
198,-0.26,0.385985177,,,24.4631137714
199,-1.3,0.104342668,,,24.4631137714
200,0.19,1.17676571,1.25290944,,28.3770481787
201,1.15,-0.631809454,,,28.3770481787
202,-0.26,0.052306951,-0.56526516,,26.5516157109
203,-0.52,-0.630898204,,,26.5516157109
204,-0.96,1.163951693,,,26.5516157109
205,0.14,0.383748916,-0.17392774,,25.9809207158
206,-0.16,-1.206147311,,,25.9809207158
207,0.14,0.162560397,,,25.9809207158
208,0.47,0.155497566,,,25.9809207158
209,-0.08,4.462412623,,,25.9809207158
210,0.49,1.13992159,,,25.9809207158
211,-1.74,-0.073090271,,,25.9809207158
212,0.13,1.498803255,0.78267484,,28.5019397176
213,0.72,-0.315874329,0.75006338,,30.9152858844
214,0.69,-0.642076568,0.25002113,,31.7234049417
215,0.23,-0.140690694,-0.41307838,,30.3886077855
216,-0.38,-0.48891159,,,30.3886077855
217,-0.25,-0.050103223,,,30.3886077855
218,0.14,-0.013231432,-1.8153708,,24.4715160553
219,-1.67,-0.275219413,,,24.4715160553
220,-0.95,1.276457544,0.08696387,,24.7650809504
221,0.08,-1.126342207,0.55439468,,26.6365571861
222,0.51,-1.700957893,0.14131629,,27.1182058844
223,0.13,-2.330909982,1.70559914,,32.8829541112
224,1.57,-2.56288969,-0.05431845,,32.6998188174
225,-0.05,-1.522323471,0.41282017,,34.12066781
226,0.38,-1.043994513,,,34.12066781
227,0.73,-0.061329809,0.04345476,,34.2676493804
228,0.04,-0.258692558,,,34.2676493804
229,-0.65,-0.058565454,,,34.2676493804
230,0.96,0.927674475,0.30418329,,35.2870350197
231,0.28,-0.683722282,,,35.2870350197
232,-0.13,0.623736786,,,35.2870350197
233,0.13,0.297756835,0.0977732,,35.6031262265
234,0.09,-0.339389441,1.17327839,,39.3747300558
235,1.08,-0.26585874,,,39.3747300558
236,0.57,-0.052113204,0.51059338,,41.0005956338
237,0.47,-0.962618433,-0.488866,,39.4469651557
238,-0.45,-0.579666217,,,39.4469651557
239,1.24,0.856278195,0.1955464,,40.0548715253
240,0.18,-0.701211465,,,40.0548715253
241,-0.62,0.432468739,,,40.0548715253
242,-1.17,0.619438767,,,40.0548715253
243,0.31,0.780379591,,,40.0548715253
244,-0.81,0.461013205,0.83650404,,42.7421940195
245,0.77,-0.203829452,,,42.7421940195
246,-1.2,0.22090982,,,42.7421940195
247,0.64,0.219581667,,,42.7421940195
248,1.22,0.336858387,,,42.7421940195
249,-0.02,1.231749792,,,42.7421940195
250,-0.11,0.698269563,-0.21706472,,42.0266943005
251,-0.2,-0.236651487,,,42.0266943005
252,0.13,0.573501452,,,42.0266943005
253,-0.32,0.488006547,-0.2713309,,41.1564326936
254,-0.25,-0.105551467,-0.88996536,,38.2692220231
255,-0.82,-0.27464508,,,38.2692220231
256,0.09,0.276433968,,,38.2692220231
257,0.98,0.566922062,,,38.2692220231
258,0.37,0.469681004,-0.13023883,,37.8624481477
259,-0.12,-0.647130636,,,37.8624481477
260,-0.82,0.256042518,,,37.8624481477
261,0.34,0.547267478,-0.84655241,,35.1848408332
262,-0.78,-0.752013721,,,35.1848408332
263,-0.62,0.751457048,1.02020418,,38.4803218968
264,0.94,-0.255150119,,,38.4803218968
265,1.13,1.446891592,,,38.4803218968
266,0.99,0.107396975,-0.26029344,,37.6465216665
267,-0.24,-0.313082839,-0.75918921,,35.2096838767
268,-0.7,-1.147531504,,,35.2096838767
269,-0.12,0.575393355,,,35.2096838767
270,-0.96,0.364222615,,,35.2096838767
271,-0.15,0.909946963,-0.26029344,,34.334776245
272,-0.24,-0.293380472,-1.16047492,,30.4436498168
273,-1.07,-0.213030972,,,30.4436498168
274,-0.25,1.278514956,,,30.4436498168
275,-0.16,0.106836898,-0.04338224,,30.2971662126
276,-0.04,-0.324178016,,,30.2971662126
277,0.13,0.758265361,0.71580696,,32.6806509549
278,0.66,-0.462270492,-0.24944788,,31.8466375729
279,-0.23,-0.213660495,,,31.8466375729
280,-0.48,0.862372075,-0.85679924,,29.0277243537
281,-0.79,-1.102976908,0.33621236,,30.131133856
282,0.31,-0.217417997,0.60735136,,32.0911509296
283,0.56,-0.28036879,0.36874904,,33.277389472
284,0.34,-0.524606177,,,33.277389472
285,-0.08,0.081556039,,,33.277389472
286,-0.22,0.837575582,0.20606564,,33.9275230778
287,0.19,-0.495665871,,,33.9275230778
288,-0.11,0.69147149,,,33.9275230778
289,0.23,1.29860705,,,33.9275230778
290,0.16,-0.036654644,,,33.9275230778
291,0.65,-0.049501898,-0.16297043,,33.4359857827
292,-0.15,-0.351986631,,,33.4359857827
293,0.3,0.339679462,,,33.4359857827
294,-0.55,0.619046752,-0.47804657,,31.9707541122
295,-0.44,-0.471766652,-0.20642921,,31.3343469014
296,-0.19,-0.180798808,,,31.3343469014
297,-0.24,0.592518005,,,31.3343469014
298,-0.57,0.0121605,0.93436376,,34.3011853076
299,0.86,-0.841649861,,,34.3011853076
300,-0.34,0.167329474,,,34.3011853076
301,-0.98,0.914190917,-0.79312273,,31.6564627416
302,-0.73,-0.82208545,,,31.6564627416
303,0.31,0.503485537,0.14124103,,32.1270522302
304,0.13,-0.336490245,,,32.1270522302
305,-0.46,0.115021243,,,32.1270522302
306,-0.15,0.247814357,,,32.1270522302
307,-0.74,0.325103132,0.75793841,,34.694762855
308,0.7,-0.243700656,0.74711072,,37.2175475104
309,0.69,-0.47978815,-0.21655383,,36.4924878179
310,-0.2,-0.121521677,,,36.4924878179
311,-1.32,1.078207501,,,36.4924878179
312,-0.76,0.123280046,0.01082769,,36.5313967313
313,0.01,-0.740463266,,,36.5313967313
314,0.67,-0.014711754,,,36.5313967313
315,0.42,0.091502048,0.21655383,,37.2778778468
316,0.2,-0.649938724,,,37.2778778468
317,0.16,0.11090108,0.6388338,,39.4551345054
318,0.59,-0.565412419,,,39.4551345054
319,0.29,-0.063896465,,,39.4551345054
320,0.33,0.226620425,0.46559074,,41.0062392194
321,0.43,-0.706619756,,,41.0062392194
322,-0.1,0.13725144,,,41.0062392194
323,-0.31,0.389302014,0.58469534,,42.986560901
324,0.54,-0.265758543,0.28151998,,43.9687671302
325,0.26,-0.229973989,,,43.9687671302
326,0.47,0.044267242,-0.75774957,,41.3880209916
327,-0.7,-0.292083092,,,41.3880209916
328,0.2,0.313811359,,,41.3880209916
329,0.33,0.128617383,0.07577496,,41.6412748768
330,0.07,-0.90757839,0.24897486,,42.4635235719
331,0.23,-0.632309614,,,42.4635235719
332,-0.22,0.949301027,,,42.4635235719
333,0.21,0.686758929,,,42.4635235719
334,0.33,0.304208089,0.22732488,,43.2144608475
335,0.21,-0.387791196,,,43.2144608475
336,-0.65,0.249987464,,,43.2144608475
337,-0.3,0.239573285,,,43.2144608475
338,0.45,0.107423793,0.05412497,,43.3926769529
339,0.05,-0.12740149,-0.18402489,,42.7846262101
340,-0.17,-0.126790257,,,42.7846262101
341,-0.65,0.079028762,,,42.7846262101
342,1.18,0.026388327,,,42.7846262101
343,0.31,0.989127336,,,42.7846262101
344,-0.05,0.220035039,,,42.7846262101
345,-0.42,0.278890024,,,42.7846262101
346,-0.27,0.487940405,,,42.7846262101
347,0.64,0.177135778,,,42.7846262101
348,0.05,0.344029558,-0.11858798,,42.3958561781
349,-0.11,-0.582033104,,,42.3958561781
350,0.23,0.913613015,,,42.3958561781
351,0.55,0.449996771,,,42.3958561781
352,0.03,-0.024667155,-0.50669408,,40.80199926
353,-0.47,-0.50222774,,,40.80199926
354,0.32,0.018971178,,,40.80199926
355,-0.4,0.121259924,,,40.80199926
356,-0.18,0.288529914,,,40.80199926
357,0.02,0.724042711,0.64684351,,42.8545065367
358,0.6,-0.452023465,-0.19405306,,42.2406652359
359,-0.18,-0.412299147,,,42.2406652359
360,-0.47,0.43748675,,,42.2406652359
361,0.43,0.357476424,0.10780725,,42.5944977309
362,0.1,-0.75904699,,,42.5944977309
363,-0.14,0.119807388,0.62528206,,44.6766933173
364,0.58,-0.373748649,0.99182671,,48.001763441
365,0.92,-0.759097504,,,48.001763441
366,-0.49,0.137422942,,,48.001763441
367,-0.73,1.046557997,,,48.001763441
368,0.2,1.812884526,0.45279046,,49.5320623338
369,0.42,-0.474210652,,,49.5320623338
370,-0.09,0.522478314,,,49.5320623338
371,0.16,0.971410925,,,49.5320623338
372,-0.96,0.198155203,,,49.5320623338
373,0.08,2.056373872,-1.04391718,,45.7080153848
374,-0.97,-0.911993246,,,45.7080153848
375,-0.42,1.618620498,,,45.7080153848
376,-0.02,0.221118199,,,45.7080153848
377,-0.17,0.314690616,,,45.7080153848
378,-0.12,0.169925167,-0.19371659,,44.9856952852
379,-0.18,-0.475080191,-0.91477278,,41.5297827676
380,-0.85,-0.295375906,,,41.5297827676
381,-0.57,0.416303762,,,41.5297827676
382,-1.04,-0.019311905,,,41.5297827676
383,0.24,0.315855721,,,41.5297827676
384,-0.22,0.114323478,0.47352944,,43.4862107984
385,0.44,-0.335630142,,,43.4862107984
386,-0.23,0.271843587,,,43.4862107984
387,0.87,0.570823583,,,43.4862107984
388,0.36,0.42140072,,,43.4862107984
389,0.77,0.06078437,,,43.4862107984
390,-0.15,0.296824475,-0.50542374,,41.482094319
391,-0.47,-2.023835711,0.46240895,,43.3057544057
392,0.43,-0.92050807,,,43.3057544057
393,0.61,0.75335024,,,43.3057544057
394,-0.91,-0.024666311,,,43.3057544057
395,-0.28,1.148014985,0.26884241,,44.3933815517
396,0.25,-0.476794792,0.0107537,,44.4359252842
397,0.01,-0.237195197,0.09678327,,44.8107590054
398,0.09,-0.556525146,0.11829066,,45.2776166623
399,0.11,-0.314002977,-0.41939417,,43.645754011
400,-0.39,-0.969162847,,,43.645754011
401,0.57,0.04554384,0.45165525,,45.366062427
402,0.42,-0.676748767,,,45.366062427
403,-0.46,0.058289354,,,45.366062427
404,0.45,0.383500158,-0.68823657,,42.7796215332
405,-0.64,-0.476336837,-0.41939417,,41.2061812073
406,-0.39,-0.313209076,-0.36562569,,39.8178034547
407,-0.34,-0.20607296,,,39.8178034547
408,-0.01,0.611613336,0.74200506,,42.576576242
409,0.69,-0.182709212,,,42.576576242
410,-0.13,0.735289768,,,42.576576242
411,-0.06,0.322377204,-0.25834093,,41.5760388506
412,-0.24,-1.056150958,,,41.5760388506
413,-0.76,0.311150445,,,41.5760388506
414,-0.35,0.004846451,-0.48438924,,39.6489602693
415,-0.45,-0.175775506,,,39.6489602693
416,0.75,0.175915994,0.26910513,,40.6763952271
417,0.25,-0.33175571,0.26910513,,41.7080496303
418,0.25,-0.284438912,-0.33369036,,40.4194167475
419,-0.31,-0.29906497,,,40.4194167475
420,0.24,0.267756049,,,40.4194167475
421,0.09,0.915238451,-0.11840626,,39.9741548243
422,-0.11,-0.560432906,-0.22604831,,39.1189155911
423,-0.21,-0.203008683,-0.01076421,,39.0785561549
424,-0.01,-0.115785813,0.72120175,,41.8071837476
425,0.67,-0.301330767,,,41.8071837476
426,-0.89,-0.062552396,0.55973867,,43.9200701391
427,0.52,-0.202000874,,,43.9200701391
428,0.15,0.349273108,,,43.9200701391
429,0.06,0.407318574,,,43.9200701391
430,-0.84,0.500649889,-0.08611364,,43.5857610412
431,-0.08,-0.410154958,0.53821026,,45.6631013218
432,0.5,-0.818483518,0.90419324,,49.2096811716
433,0.84,-0.389384283,0.32285802,,50.4469090386
434,0.3,-0.859135578,0.23676255,,51.3490164295
435,0.22,-0.820506927,-0.01076194,,51.3080115256
436,-0.01,-0.395376692,0.17219095,,51.9703721992
437,0.16,-0.340772314,-0.04304774,,51.8026344664
438,-0.04,-0.723285277,,,51.8026344664
439,0.17,0.085429515,,,51.8026344664
440,0.13,0.223266045,,,51.8026344664
441,-0.68,0.54490566,,,51.8026344664
442,-0.24,0.693545026,-0.05380967,,51.5783397944
443,-0.05,-0.220142432,,,51.5783397944
444,0.03,-0.004110399,,,51.5783397944
445,-0.19,0.088456906,0.25828642,,52.6662226296
446,0.24,-0.491325001,,,52.6662226296
447,-0.41,0.024008296,,,52.6662226296
448,-0.06,0.160402466,,,52.6662226296
449,-0.49,0.22376071,,,52.6662226296
450,-0.28,0.291729096,,,52.6662226296
451,0.59,0.122355553,0.12914321,,53.2299133049
452,0.12,-0.361529619,,,53.2299133049
453,0.92,0.163629963,-0.11838127,,52.7211511603
454,-0.11,-0.5776786,,,52.7211511603
455,-1.12,0.231621473,,,52.7211511603
456,0.48,-0.066350741,0.72005543,,55.8483874672
457,0.67,-1.168794999,-0.33315997,,54.4018904701
458,-0.31,-0.142693479,,,54.4018904701
459,-0.03,0.409776755,0.11821805,,54.9160959574
460,0.11,-0.329287498,,,54.9160959574
461,-0.71,-0.055656237,,,54.9160959574
462,0.38,0.493732408,,,54.9160959574
463,-0.16,0.043453567,,,54.9160959574
464,-0.12,0.745863066,,,54.9160959574
465,0.05,0.409364139,,,54.9160959574
466,-0.39,0.302569323,-0.48361932,,52.809985872
467,-0.45,-0.678700945,,,52.809985872
468,0.46,0.162170578,,,52.809985872
469,-0.44,0.31527479,-0.42988384,,50.95662035
470,-0.4,-1.109008176,0.39764254,,52.6858447574
471,0.37,-0.37070517,,,52.6858447574
472,0.44,0.081732281,-0.38689545,,51.0499250021
473,-0.36,-0.352079331,-0.03224129,,50.9135162703
474,-0.03,-0.805486327,,,50.9135162703
475,0.75,-0.020910309,0.38667052,,52.4891794654
476,0.36,-0.392510935,,,52.4891794654
477,0.28,0.030345024,,,52.4891794654
478,-0.13,0.359250624,0.2040761,,53.2962252476
479,0.19,-0.886997891,,,53.2962252476
480,0.17,0.460470187,-1.22445662,,48.5214247963
481,-1.14,-1.062006884,,,48.5214247963
482,0.53,0.00405364,,,48.5214247963
483,-0.25,0.081572077,-0.2040761,,47.7340623462
484,-0.19,-0.222923341,,,47.7340623462
485,0.09,0.60974319,,,47.7340623462
486,-0.1,0.006607584,-0.59074662,,45.4782673748
487,-0.55,-0.372720529,,,45.4782673748
488,0.68,1.245094985,-0.64445085,,42.9999323393
489,-0.6,-0.144525471,,,42.9999323393
490,0.89,1.118099601,-0.60148747,,40.7384253358
491,-0.56,-0.119493811,0.38667051,,42.1806636744
492,0.36,-0.904541319,-0.31148458,,41.0308479308
493,-0.29,-0.442088374,,,41.0308479308
494,0.23,0.670813925,0.11814932,,41.470196355
495,0.11,-0.131588449,,,41.470196355
496,-0.27,0.070879918,,,41.470196355
497,-0.11,-0.062738526,,,41.470196355
498,-0.33,1.574743499,,,41.470196355
499,0.01,0.08743795,,,41.470196355
500,0.28,-0.075196032,0.19309482,,42.1527113927
501,0.18,-0.459715476,0.26818724,,43.1029300428
502,0.25,-0.606810124,0.1072749,,43.4852515337
503,0.1,-0.345548689,-0.77237926,,40.750028306
504,-0.72,-0.388236167,,,40.750028306
505,0.47,0.536026186,,,40.750028306
506,-0.06,1.76048582,-0.84747169,,37.7657952726
507,-0.79,-0.341535082,,,37.7657952726
508,-0.35,0.597969533,,,37.7657952726
509,-0.62,0.659701171,-0.63292189,,35.4644980212
510,-0.59,-0.286611743,,,35.4644980212
511,0.22,0.014827366,0.07509243,,35.7342708555
512,0.07,-0.12952538,,,35.7342708555
513,0.05,-0.091000827,0.22527729,,36.5547716522
514,0.21,-0.403264743,,,36.5547716522
515,1.07,1.233430118,,,36.5547716522
516,0.17,0.651441412,0.59001193,,38.6277808697
517,0.55,-0.755441342,-0.3109664,,37.5212007109
518,-0.29,-1.352292705,,,37.5212007109
519,0.5,0.095501119,,,37.5212007109
520,0.63,0.428346285,,,37.5212007109
521,0.65,0.39553076,,,37.5212007109
522,-0.05,0.03614242,-0.98651408,,34.253651517
523,-0.92,-0.206364346,,,34.253651517
524,-0.02,0.048652666,,,34.253651517
525,-0.05,0.002023218,,,34.253651517
526,-0.3,0.354932592,,,34.253651517
527,-0.36,0.509451923,,,34.253651517
528,0.06,0.759629787,,,34.253651517
529,0.46,0.840381569,,,34.253651517
530,-0.2,0.0837338,,,34.253651517
531,0.04,0.626649749,,,34.253651517
532,0.15,-0.018027513,0.16084468,,34.7816548437
533,0.15,-0.313187147,,,34.7816548437
534,0.13,0.086110639,,,34.7816548437
535,0.36,0.017986692,-0.09650681,,34.4690169912
536,-0.09,-0.167787709,,,34.4690169912
537,-0.03,0.215782762,-0.13939873,,34.0202115383
538,-0.13,-0.619626562,,,34.0202115383
539,-0.33,0.023256016,,,34.0202115383
540,0.99,0.084147381,,,34.0202115383
541,-0.29,0.035106926,,,34.0202115383
542,-0.92,0.340313066,0.77073005,,36.5729774973
543,0.72,-0.224697693,,,36.5729774973
544,-0.63,-0.088352173,,,36.5729774973
545,-0.26,0.7749191,0.09634126,,36.8957602855
546,0.09,-0.220272224,0.49241086,,38.5348037436
547,0.46,-0.333045896,,,38.5348037436
548,-0.05,0.429494222,-0.37466044,,37.2915426757
549,-0.35,-0.550944195,0.43888794,,38.7532287932
550,0.41,-0.553291496,,,38.7532287932
551,0.24,0.755820272,,,38.7532287932
552,-0.43,0.210178425,,,38.7532287932
553,-0.18,0.537260115,,,38.7532287932
554,-0.09,0.327476894,,,38.7532287932
555,0.03,0.63051397,,,38.7532287932
556,-0.2,0.409287102,0.5994567,,40.894364317
557,0.56,-0.102615644,,,40.894364317
558,-0.66,0.253891426,,,40.894364317
559,1.33,-0.05948143,1.41696035,,45.9209068067
560,1.33,-1.450552988,-0.63923023,,43.6568120709
561,-0.6,-1.270882183,0.07457686,,43.920679212
562,0.07,-0.309050052,,,43.920679212
563,-0.19,0.635218131,,,43.920679212
564,-1.04,-0.082889261,,,43.920679212
565,-0.55,0.460658424,,,43.920679212
566,0.26,0.468547807,,,43.920679212
567,-0.15,0.09196549,,,43.920679212
568,0.24,0.537539572,-0.24503826,,43.0082823909
569,-0.23,-0.138947084,,,43.0082823909
570,-0.31,0.073342172,-0.62857639,,40.6632327632
571,-0.59,-0.521495911,,,40.6632327632
572,-0.12,0.306819948,,,40.6632327632
573,0.53,0.729873921,-0.02130767,,40.5859028
574,-0.02,-0.353581442,,,40.5859028
575,-0.56,2.04801725,,,40.5859028
576,0.8,0.19454313,-1.36369117,,36.1150964424
577,-1.28,-0.443810016,0.33026896,,37.1868688727
578,0.31,-0.151413089,,,37.1868688727
579,-0.26,0.605348883,,,37.1868688727
580,0.96,-0.057593429,0.78451522,,39.6842435903
581,0.74,-0.292916259,0.27564048,,40.5717778701
582,0.26,-0.257379237,0.63609343,,42.5929393191
583,0.6,-0.139734265,,,42.5929393191
584,-0.38,0.046191637,,,42.5929393191
585,-0.26,1.556426517,-0.64669498,,40.5539873129
586,-0.61,-0.204697215,-0.38165606,,39.3423149945
587,-0.36,-0.444189424,,,39.3423149945
588,0.28,1.003908882,0.2968436,,40.3025869208
589,0.28,-2.139687949,0.01060155,,40.3382147758
590,0.01,-0.885212475,0.01060156,,40.3735911945
591,0.01,-0.343331975,,,40.3735911945
592,0.33,-0.019496397,,,40.3735911945
593,0.36,0.409699999,-0.1484218,,39.8974026109
594,-0.14,-0.774860404,0.91173391,,42.8268344629
595,0.86,-0.190683073,0.0,,42.8268344629
596,0.0,-0.148719529,-0.24383581,,42.0498673038
597,-0.23,-0.519090737,,,42.0498673038
598,0.21,0.145884496,,,42.0498673038
599,-0.02,0.370034799,0.36045294,,43.2139298419
600,0.34,-0.922587478,,,43.2139298419
601,-0.03,-0.021270532,,,43.2139298419
602,0.17,0.370917277,,,43.2139298419
603,0.45,0.576587075,,,43.2139298419
604,0.14,0.309652103,,,43.2139298419
605,-0.02,0.577215637,0.0,,43.2139298419
606,0.0,-0.959043721,0.52495894,,44.8604454679
607,0.5,-0.413096865,,,44.8604454679
608,0.71,0.985311702,,,44.8604454679
609,-1.15,1.077397466,,,44.8604454679
610,-0.94,-0.053922716,0.07349425,,45.0980328839
611,0.07,-0.351669192,,,45.0980328839
612,0.58,0.151378267,,,45.0980328839
613,0.62,0.14750101,,,45.0980328839
614,-0.28,0.195085222,,,45.0980328839
615,0.33,0.132846014,0.79793759,,47.6354121899
616,0.76,-0.487565862,,,47.6354121899
617,0.38,0.108537059,,,47.6354121899
618,-0.34,0.707603896,,,47.6354121899
619,0.04,0.145337923,,,47.6354121899
620,0.45,0.464967814,0.02099835,,47.7013061234
621,0.02,-0.107505488,0.26247947,,48.5236964653
622,0.25,-0.596967099,-0.06259201,,48.3256208729
623,-0.06,-0.660372489,,,48.3256208729
624,-0.68,0.101726851,,,48.3256208729
625,-0.66,0.800962878,,,48.3256208729
626,-2.67,1.267429824,,,48.3256208729
627,-0.37,1.770026544,1.5230724,,53.8205563525
628,1.46,-0.796423826,0.89715224,,57.1096085549
629,0.86,-1.154093135,,,57.1096085549
630,-1.32,2.024147672,,,57.1096085549
631,0.57,2.868581989,0.17734404,,57.7897367075
632,0.17,-1.727400395,-0.7824002,,54.7754141878
633,-0.75,-0.782822289,,,54.7754141878
634,0.3,1.32129973,0.34425609,,56.0793684078
635,0.33,-0.358386176,,,56.0793684078
636,-0.49,-0.023940969,,,56.0793684078
637,0.53,0.211888741,0.16691204,,56.7312268901
638,0.16,-0.507168425,,,56.7312268901
639,0.02,0.117287366,,,56.7312268901
640,0.0,0.321488225,,,56.7312268901
641,-0.24,0.391758928,,,56.7312268901
642,-0.04,1.464406916,,,56.7312268901
643,-0.16,0.556754131,,,56.7312268901
644,-1.02,0.926232193,,,56.7312268901
645,0.01,0.690077158,,,56.7312268901
646,0.73,0.940170016,-0.41532633,,55.1400469413
647,-0.4,-1.490452484,0.07268211,,55.4186463125
648,0.07,-1.049977876,0.51915792,,57.3934702849
649,0.5,-1.48783494,0.14536421,,57.9443474032
650,0.14,-0.146129258,-0.52954107,,55.9091878259
651,-0.51,-1.593558295,-0.47762528,,54.0569609253
652,-0.46,-0.504285021,,,54.0569609253
653,0.72,-0.057037532,-1.43287586,,48.6001178402
654,-1.38,-0.604464183,,,48.6001178402
655,-0.05,0.859651829,-0.1245979,,48.1148929677
656,-0.12,-0.44552185,0.23881264,,49.0484754558
657,0.23,-0.345346875,-0.15574737,,48.4432434443
658,-0.15,-0.823085562,,,48.4432434443
659,0.13,0.120141166,,,48.4432434443
660,0.26,-0.082156618,,,48.4432434443
661,0.12,0.689554732,0.32187791,,49.7457457231
662,0.31,-1.051797322,,,49.7457457231
663,0.54,0.363360778,,,49.7457457231
664,0.75,0.623564471,0.01039429,,49.7859675176
665,0.01,-0.499724384,0.18709723,,50.5152473326
666,0.18,-0.185301974,,,50.5152473326
667,0.24,0.453481712,,,50.5152473326
668,-0.09,0.372417531,-0.01039429,,50.4762739399
669,-0.01,-0.443825799,-0.21828009,,49.644913336
670,-0.21,-0.657909919,,,49.644913336
671,0.01,0.081559076,,,49.644913336
672,0.78,0.967628807,0.34301158,,50.9437776526
673,0.33,-0.52632993,-1.1745548,,46.5340964777
674,-1.13,-0.629538962,,,46.5340964777
675,0.31,0.398408669,,,46.5340964777
676,-0.11,0.500453475,,,46.5340964777
677,0.09,0.092802443,,,46.5340964777
678,-0.12,0.10356153,0.13512578,,47.0277329992
679,0.13,-0.394185682,0.36380016,,48.361577125
680,0.35,-0.18975089,0.18709722,,49.0552156459
681,0.18,-0.487011457,0.28064584,,50.0994530204
682,0.27,-0.26701042,-0.49892594,,48.2256496887
683,-0.48,-0.323402753,-0.11433719,,47.7968011626
684,-0.11,-0.690087045,0.14552006,,48.3518320511
685,0.14,-0.199843754,,,48.3518320511
686,-1.19,0.147028609,,,48.3518320511
687,-0.44,0.525402786,,,48.3518320511
688,-0.58,0.298001829,,,48.3518320511
689,-1.89,0.568793235,,,48.3518320511
690,-0.05,0.20354272,-1.08004922,,43.611865683
691,-1.04,-0.299329472,-0.3634781,,42.0396369508
692,-0.35,-0.293367729,,,42.0396369508
693,0.29,0.460060576,,,42.0396369508
694,1.07,0.25635068,,,42.0396369508
695,-0.62,0.068196086,,,42.0396369508
696,0.56,0.618635046,,,42.0396369508
697,0.11,0.174987103,-0.41540355,,40.3884932347
698,-0.4,-0.365199942,-1.35006152,,34.8613872247
699,-1.3,-1.156641751,,,34.8613872247
700,0.65,0.119190238,0.0,,34.8613872247
701,0.0,-1.377076615,0.5504097,,37.0345868406
702,0.53,-0.195594629,,,37.0345868406
703,-0.17,-0.005319088,,,37.0345868406
704,-0.49,0.142315024,0.38424828,,38.5813469714
705,0.37,-0.711447687,-0.01038508,,38.5405517899
706,-0.01,-0.243353518,,,38.5405517899
707,0.46,0.309775507,,,38.5405517899
708,0.18,0.179919405,,,38.5405517899
709,-0.01,0.322707794,,,38.5405517899
710,0.27,0.00190144,1.00458337,,42.6602432362
711,0.97,-0.227983688,,,42.6602432362
712,0.67,0.955181968,-0.19677406,,41.8779792863
713,-0.19,-1.084262061,0.16570447,,42.5517838626
714,0.16,-0.738821418,0.75602666,,45.6406174045
715,0.73,-1.079438662,0.23820018,,46.6081893822
716,0.23,-0.417902368,,,46.6081893822
717,-0.4,0.191885948,,,46.6081893822
718,-0.13,0.555011254,-0.52818301,,44.450319928
719,-0.51,-0.519988742,,,44.450319928
720,0.03,0.825784646,,,44.450319928
721,0.1,0.524576058,,,44.450319928
722,-0.57,0.138525628,,,44.450319928
723,-0.27,-0.065563564,0.41426118,,46.3330220252
724,0.4,-0.409221842,,,46.3330220252
725,0.76,0.120740064,0.25891324,,47.4719776752
726,0.25,-0.412899071,,,47.4719776752
727,-1.13,0.282880057,-0.176061,,46.6919454496
728,-0.17,-0.734434367,,,46.6919454496
729,-0.6,0.159205926,,,46.6919454496
730,-0.27,0.14016615,0.5273822,,49.2366016459
731,0.51,-0.104838328,0.80658455,,53.1090085171
732,0.78,-0.550362887,1.2822626,,59.2851688927
733,1.24,-0.245550071,-0.18613489,,58.3953076337
734,-0.18,-0.139903122,,,58.3953076337
735,0.51,0.404891773,0.16545324,,59.1667916319
736,0.16,-0.590912426,,,59.1667916319
737,-0.3,0.743695503,,,59.1667916319
738,0.07,0.378365858,0.21715737,,60.1598108011
739,0.21,-0.625325797,,,60.1598108011
740,-0.12,0.262031096,,,60.1598108011
741,0.52,0.442341038,,,60.1598108011
742,-0.84,1.495650418,,,60.1598108011
743,0.09,0.531096597,-0.07238579,,59.8292923336
744,-0.07,-0.299204768,1.38567088,,66.1210447404
745,1.34,-0.835397967,-0.24817986,,65.0148002642
746,-0.24,-0.310595494,,,65.0148002642
747,-0.78,1.318507222,,,65.0148002642
748,0.2,0.205093289,,,65.0148002642
749,0.37,0.242868609,0.29014164,,66.3177936165
750,0.28,-0.130965063,0.59064548,,69.0553374375
751,0.57,-0.391801994,,,69.0553374375
752,-0.39,0.712677158,,,69.0553374375
753,0.19,0.321542745,0.16579522,,69.8004849205
754,0.16,-0.120426455,,,69.8004849205
755,0.36,0.524851255,,,69.8004849205
756,0.17,0.384733263,0.15543302,,70.4916673522
757,0.15,-1.073658224,0.11398422,,70.9903135684
758,0.11,-0.378368753,,,70.9903135684
759,0.35,0.1884341,,,70.9903135684
760,-0.09,0.17308765,,,70.9903135684
761,0.31,0.412789506,-0.0103622,,70.9468598732
762,-0.01,-0.274517674,,,70.9468598732
763,-0.84,0.504552536,-0.58028328,,68.4525857221
764,-0.56,-0.385720078,,,68.4525857221
765,0.18,1.104773452,,,68.4525857221
766,0.1,0.023328884,0.04144881,,68.6341079245
767,0.04,-0.13474707,,,68.6341079245
768,0.08,0.252239253,,,68.6341079245
769,-0.46,0.302178826,,,68.6341079245
770,0.37,0.466893774,,,68.6341079245
771,-0.28,0.152607698,-0.05185475,,68.416008973
772,-0.05,-0.441569159,0.15556425,,69.0657620992
773,0.15,-0.233172342,,,69.0657620992
774,-0.46,0.052356308,,,69.0657620992
775,0.11,0.118534227,,,69.0657620992
776,-0.26,0.576129026,,,69.0657620992
777,-0.74,0.270832281,,,69.0657620992
778,0.72,0.306579148,-0.0829676,,68.7094591204
779,-0.08,-0.397598178,0.56003129,,71.1025010698
780,0.54,-0.203288523,,,71.1025010698
781,-0.74,0.566217842,,,71.1025010698
782,-0.77,0.232141616,0.09333855,,71.5281291853
783,0.09,-0.488840334,,,71.5281291853
784,-0.19,-0.045867176,0.26964469,,72.7237675843
785,0.26,-0.301329724,0.4563218,,74.7412472323
786,0.44,-0.223147307,,,74.7412472323
787,0.01,-0.098977727,0.0207419,,74.8320926955
788,0.02,-0.132048442,,,74.8320926955
789,0.57,0.318435278,-0.56003129,,72.40386921
790,-0.54,-0.11497922,,,72.40386921
791,0.02,0.331548824,,,72.40386921
792,0.01,0.263772687,0.4678467,,74.380977811
793,0.45,-0.870419487,,,74.380977811
794,0.27,0.014620424,-0.33269099,,72.9679133971
795,-0.32,-0.120361002,-0.17674208,,72.2214156996
796,-0.17,-0.439366085,,,72.2214156996
797,-0.03,-0.014005172,,,72.2214156996
798,-0.23,0.855226102,,,72.2214156996
799,-0.17,1.005074207,,,72.2214156996
800,-1.23,0.128864082,,,72.2214156996
801,0.26,0.173362731,,,72.2214156996
802,0.2,-0.098366465,,,72.2214156996
803,-0.05,0.261640885,-0.40546714,,70.5027270498
804,-0.39,-0.240280156,-0.40546714,,68.7606242503
805,-0.39,-0.25554819,,,68.7606242503
806,0.37,0.181879569,0.3118978,,70.0999942902
807,0.3,-0.680720669,,,70.0999942902
808,0.53,0.841121606,,,70.0999942902
809,-0.57,0.259518973,0.02079318,,70.1888657325
810,0.02,-1.141024674,,,70.1888657325
811,0.08,-0.014239129,,,70.1888657325
812,-1.01,0.275038371,-0.7763285,,66.8413270776
813,-0.75,-0.128084934,,,66.8413270776
814,-0.03,0.328840705,,,66.8413270776
815,0.35,0.341933084,0.0,,66.8413270776
816,0.0,-0.822407318,,,66.8413270776
817,0.88,0.137979246,-0.3312335,,65.4495328761
818,-0.32,-0.289517651,,,65.4495328761
819,-0.06,0.656423855,0.4864992,,67.5204058797
820,0.47,-0.13506851,,,67.5204058797
821,0.18,0.700419852,-0.22772303,,66.5768705567
822,-0.22,-0.443855337,0.12421256,,67.0886274539
823,0.12,-0.279037447,0.25877616,,68.1588850929
824,0.25,-0.659960781,,,68.1588850929
825,0.04,0.424354736,,,68.1588850929
826,0.45,0.172124604,0.09315942,,68.5325715031
827,0.09,-0.676004641,,,68.5325715031
828,0.81,0.025321306,0.42439291,,70.1935896174
829,0.41,-0.224941617,,,70.1935896174
830,-0.35,0.025280982,,,70.1935896174
831,-0.58,1.392307481,,,70.1935896174
832,0.07,1.709003912,0.62864594,,72.7171212201
833,0.61,-0.537333902,,,72.7171212201
834,-0.51,0.27987913,,,72.7171212201
835,0.04,0.35232892,,,72.7171212201
836,0.03,0.014219578,,,72.7171212201
837,0.58,0.754907152,,,72.7171212201
838,0.14,0.564632862,,,72.7171212201
839,0.28,0.095785787,,,72.7171212201
840,0.14,0.511139571,0.25764178,,73.7811744659
841,0.25,-0.925537749,-0.26794745,,72.6702055554
842,-0.26,-1.049809813,,,72.6702055554
843,-0.13,0.391577411,,,72.6702055554
844,0.6,0.543753974,0.10305671,,73.0894097405
845,0.1,-0.314398137,-0.36069849,,71.6038458941
846,-0.35,-0.385531309,,,71.6038458941
847,0.13,0.086072906,,,71.6038458941
848,0.24,0.493175067,,,71.6038458941
849,0.48,0.082064613,0.06183403,,71.856762409
850,0.06,-0.246005622,,,71.856762409
851,-0.14,0.481958971,,,71.856762409
852,0.06,0.49608553,,,71.856762409
853,-0.74,0.247417359,,,71.856762409
854,-0.15,0.588682761,,,71.856762409
855,1.1,0.369055982,,,71.856762409
856,-0.29,0.699640882,,,71.856762409
857,-0.28,0.243401349,0.54208368,,74.2085332255
858,0.53,-0.43234145,0.41934775,,76.0608542299
859,0.41,-0.430901682,-0.37843578,,74.3853779851
860,-0.37,-0.409114068,,,74.3853779851
861,0.33,0.3533029,0.29661182,,75.6771214993
862,0.29,-0.347830639,-0.10227994,,75.2295364765
863,-0.1,-0.127875892,,,75.2295364765
864,0.05,0.311886677,,,75.2295364765
865,-0.19,0.623230738,,,75.2295364765
866,-0.42,0.201000713,,,75.2295364765
867,-0.08,0.17554815,,,75.2295364765
868,-0.12,0.195008151,,,75.2295364765
869,0.3,0.137950757,,,75.2295364765
870,-0.2,-0.032832853,0.08182395,,75.5859657308
871,0.08,-0.241130529,0.09205195,,75.9866436619
872,0.09,-0.180849584,0.07159595,,76.2981244122
873,0.07,-1.417564298,0.2549297,,77.4159162235
874,0.25,-0.746981796,,,77.4159162235
875,0.52,0.193967827,,,77.4159162235
876,-0.12,0.295236422,,,77.4159162235
877,-0.6,-0.098427671,,,77.4159162235
878,-0.55,0.127274121,,,77.4159162235
879,0.19,0.432750274,0.14276063,,78.0921543921
880,0.14,-0.353085679,0.28552126,,79.4681423211
881,0.28,-0.122234254,-0.2549297,,78.2509140085
882,-0.25,-0.386257529,,,78.2509140085
883,-0.01,0.283629267,,,78.2509140085
884,-0.1,0.090101969,,,78.2509140085
885,-0.52,0.661402513,-0.14276063,,77.5417600551
886,-0.14,-0.250520149,-0.34670439,,75.8355927828
887,-0.34,-0.640308493,,,75.8355927828
888,-0.46,0.165599193,0.47926784,,78.2186011257
889,0.47,-0.324745097,-0.43847908,,76.0234135627
890,-0.43,-0.391855741,,,76.0234135627
891,-0.33,0.435477422,,,76.0234135627
892,-0.03,0.003404241,,,76.0234135627
893,0.01,0.459687122,,,76.0234135627
894,-0.3,0.240129192,-0.5098594,,73.3977659845
895,-0.5,-0.237504124,-0.43899424,,71.1410759026
896,-0.43,-0.328985457,,,71.1410759026
897,-0.27,0.335849536,0.42878506,,73.4346065607
898,0.42,-0.591164751,0.15313752,,74.2576116338
899,0.15,-0.606608912,0.061255,,74.5834282459
900,0.06,-0.359504402,,,74.5834282459
901,-1.05,0.802410833,,,74.5834282459
902,0.61,0.156045085,-1.22510019,,68.0160265529
903,-1.2,-0.246421831,,,68.0160265529
904,0.1,0.152762711,,,68.0160265529
905,0.06,0.010174437,0.55129509,,70.9249286093
906,0.54,-1.122583554,,,70.9249286093
907,-0.01,0.212054077,,,70.9249286093
908,0.3,-0.009473218,,,70.9249286093
909,-0.06,-0.005232461,,,70.9249286093
910,-1.06,0.244223683,,,70.9249286093
911,-0.84,-0.02111772,0.54108591,,73.9885136954
912,0.53,-0.554722735,0.12251002,,74.691971304
913,0.12,-0.255398558,0.02041834,,74.8092536144
914,0.02,-1.16723468,0.08167335,,75.2735544439
915,0.08,-0.733457397,-0.4492034,,72.6977239999
916,-0.44,-1.12137928,,,72.6977239999
917,1.07,-0.059569006,0.0,,72.6977239999
918,0.0,-0.565664793,0.25560403,,74.0184469176
919,0.25,-0.29681574,-0.07156912,,73.6458164439
920,-0.07,-0.321445436,,,73.6458164439
921,-0.18,0.362685468,0.47031141,,76.1648034152
922,0.46,-0.16729888,-0.64412213,,72.7127404363
923,-0.63,-0.85074785,0.38851811,,74.7669138481
924,0.38,-1.000780698,0.3680698,,76.7429217049
925,0.36,-0.349973367,0.29650066,,78.325368328
926,0.29,-0.514477748,,,78.325368328
927,0.32,0.544475056,,,78.325368328
928,-0.02,0.277162284,0.21470738,,79.4438966272
929,0.21,-0.546087344,,,79.4438966272
930,0.4,0.195226326,,,79.4438966272
931,0.04,0.558400657,-0.02044832,,79.3352086318
932,-0.02,-0.488544334,,,79.3352086318
933,0.05,0.290643287,0.11246577,,79.9311866658
934,0.11,-0.425867508,-0.24537986,,78.647873607
935,-0.24,-0.292879969,0.16358657,,79.5008625341
936,0.16,-0.210846705,,,79.5008625341
937,-0.15,0.670890696,-0.78854555,,75.3688546439
938,-0.77,-0.210906906,,,75.3688546439
939,0.14,0.565848402,,,75.3688546439
940,0.0,0.311583066,0.55300598,,78.1931666941
941,0.54,-0.183090337,0.48132001,,80.6600529392
942,0.47,-0.403438122,,,80.6600529392
943,0.27,-0.039925724,,,80.6600529392
944,-0.16,-0.044421869,,,80.6600529392
945,-0.03,0.185857802,,,80.6600529392
946,0.37,0.165903461,,,80.6600529392
947,-0.3,0.01751658,,,80.6600529392
948,0.03,0.194940731,,,80.6600529392
949,0.5,0.313189912,0.23553958,,81.8361585754
950,0.23,-0.239678443,,,81.8361585754
951,0.19,0.009712123,0.01024085,,81.8869224322
952,0.01,-0.108417777,,,81.8869224322
953,-0.35,0.025789672,,,81.8869224322
954,0.25,-0.097726444,,,81.8869224322
955,-0.59,0.272421132,,,81.8869224322
956,-0.25,0.241097493,0.16385362,,82.7078507086
957,0.16,-0.24725093,0.06144511,,83.0146649101
958,0.06,-0.153039003,,,83.0146649101
959,-0.36,0.016207074,,,83.0146649101
960,-0.15,0.215030579,,,83.0146649101
961,0.02,0.199213602,,,83.0146649101
962,-0.45,0.508487313,,,83.0146649101
963,0.1,0.569910729,-0.77399729,,79.1499484159
964,-0.76,-0.378508656,,,79.1499484159
965,0.41,0.691999348,0.21386767,,80.2055457539
966,0.21,-0.256643828,0.01018417,,80.2554641642
967,0.01,-0.125564002,,,80.2554641642
968,-0.13,-0.059390507,-0.06110504,,79.9597210326
969,-0.06,-0.137705805,,,79.9597210326
970,-0.12,0.977346299,,,79.9597210326
971,-1.11,-0.051120486,-0.21386767,,78.9035013184
972,-0.21,-0.449684897,-0.8452865,,74.6548631205
973,-0.83,-0.452296053,0.43791951,,76.85854828
974,0.43,-0.141724936,,,76.85854828
975,-0.13,0.483162776,,,76.85854828
976,0.08,0.316584181,-0.57031379,,73.9719033515
977,-0.56,-0.210151806,,,73.9719033515
978,-0.16,0.018342057,0.32589359,,75.6175140107
979,0.32,-0.189154394,,,75.6175140107
980,0.01,0.273929269,-0.20277865,,74.5979638771
981,-0.2,-0.229460339,,,74.5979638771
982,-0.33,-0.056830456,,,74.5979638771
983,-0.96,0.071312781,,,74.5979638771
984,0.95,0.005716169,,,74.5979638771
985,-0.35,-0.089001232,0.11152826,,75.1780235591
986,0.11,-0.7224928,0.74014209,,79.0010417256
987,0.73,-0.274855076,-0.41569624,,76.858255537
988,-0.41,-0.982118251,0.02027787,,76.9614701829
989,0.02,-0.364228875,-0.16222292,,76.1326108543
990,-0.16,-0.318701413,0.38527944,,78.1234018016
991,0.38,-0.201598738,0.19263973,,79.1205570127
992,0.19,-0.510682748,-0.18250079,,78.1800173249
993,-0.18,-1.243055706,0.32444585,,79.8694278779
994,0.32,-0.276363984,,,79.8694278779
995,-1.11,1.067964581,-0.41569624,,77.6554841585
996,-0.41,-0.688863422,,,77.6554841585
997,-0.17,0.370441593,-0.25347332,,76.2623263336
998,-0.25,-0.32772821,,,76.2623263336
999,-0.12,-0.06411691,0.14194505,,77.0420016675
1000,0.14,-0.539574355,-0.03042863,,76.875033431
1001,-0.03,-0.443006084,0.21300043,,78.0412424538
1002,0.21,-0.687431834,-0.60857266,,74.6977448959
1003,-0.6,-0.53612198,0.23328618,,75.9781936149
1004,0.23,-1.639309106,0.63900129,,79.4503596979
1005,0.63,-0.565238029,-0.78100157,,75.1296349609
1006,-0.77,-0.104625139,,,75.1296349609
1007,0.0,0.074494415,0.42600086,,77.4788667523
1008,0.42,-0.108173467,-0.14200028,,76.6957895253
1009,-0.14,-0.206931329,0.10142878,,77.2601325398
1010,0.1,-0.438503199,,,77.2601325398
1011,0.25,0.37906591,-0.45642949,,74.762729287
1012,-0.45,-0.176798428,,,74.762729287
1013,0.11,0.68888029,,,74.762729287
1014,0.15,0.228323158,,,74.762729287
1015,-0.46,0.014995089,,,74.762729287
1016,0.12,0.096114045,,,74.762729287
1017,0.22,0.12406378,0.13185741,,75.4713741774
1018,0.13,-0.130499902,-0.14200028,,74.7065550159
1019,-0.14,-0.361331939,0.42600086,,77.0456290931
1020,0.42,-0.438465652,-0.25357194,,75.6803790126
1021,-0.25,-0.149147084,0.19363212,,76.7115582599
1022,0.19,-0.292748285,,,76.7115582599
1023,-0.44,-0.092721275,0.17324979,,77.64363908
1024,0.17,-0.221745312,-0.18344095,,76.6567299985
1025,-0.18,-0.197613608,-0.08152932,,76.2114704022
1026,-0.08,-0.204242874,-0.15286746,,75.3771358001
1027,-0.15,-0.606223262,,,75.3771358001
1028,-0.26,0.006224366,,,75.3771358001
1029,0.05,0.006724038,,,75.3771358001
1030,-0.07,0.220031869,,,75.3771358001
1031,-0.04,0.263542278,,,75.3771358001
1032,0.16,0.360488183,0.16305863,,76.2581512592
1033,0.16,-0.327850861,0.08152931,,76.6974238933
1034,0.08,-0.325893695,,,76.6974238933
1035,0.41,0.03936167,,,76.6974238933
1036,0.1,0.465965475,0.20382328,,77.7962884545
1037,0.2,-0.556058737,,,77.7962884545
1038,0.05,0.012481622,,,77.7962884545
1039,0.1,0.19845166,0.02038233,,77.9034915316
1040,0.02,-0.248964445,,,77.9034915316
1041,-0.14,-0.005502422,,,77.9034915316
1042,0.47,0.296444831,,,77.9034915316
1043,-0.18,0.057987048,-0.11240552,,77.3253708842
1044,-0.11,-0.252327626,,,77.3253708842
1045,0.18,0.22319163,,,77.3253708842
1046,0.2,0.132026356,,,77.3253708842
1047,-0.05,0.293435741,-0.07153079,,76.9597515424
1048,-0.07,-0.334211163,,,76.9597515424
1049,-0.11,0.095869164,,,76.9597515424
1050,0.19,0.249314378,,,76.9597515424
1051,0.16,0.175378816,,,76.9597515424
1052,-0.26,0.27390284,0.24524841,,78.2074113694
1053,0.24,-0.131626979,,,78.2074113694
1054,-0.03,0.284089175,,,78.2074113694
1055,0.07,-0.050296617,,,78.2074113694
1056,0.19,0.052000916,,,78.2074113694
1057,-0.31,-0.034937596,,,78.2074113694
1058,-0.04,-0.075236668,,,78.2074113694
1059,-0.09,0.123014478,,,78.2074113694
1060,-0.02,0.031831608,,,78.2074113694
1061,0.1,0.218830169,,,78.2074113694
1062,0.07,0.188677481,,,78.2074113694
1063,0.12,0.120869599,,,78.2074113694
1064,0.33,0.178389924,,,78.2074113694
1065,-0.11,0.065181633,-0.02037711,,78.1057238115
1066,-0.02,-0.232943437,,,78.1057238115
1067,0.49,0.1324925,-0.42791923,,75.9745442042
1068,-0.42,-0.121651357,,,75.9745442042
1069,-0.18,0.12283713,,,75.9745442042
1070,0.57,-0.000995282,0.02037711,,76.0743596197
1071,0.02,-0.163239934,,,76.0743596197
1072,-0.23,0.110116883,,,76.0743596197
1073,0.01,0.287407105,0.03056565,,76.2266291267
1074,0.03,-0.506965426,0.30565659,,77.7519605864
1075,0.3,-0.60452811,-0.82527279,,73.6359203737
1076,-0.81,-0.33162557,,,73.6359203737
1077,-0.07,0.687172762,,,73.6359203737
1078,0.16,0.609016402,,,73.6359203737
1079,-0.49,0.448766087,,,73.6359203737
1080,-0.12,0.559073934,,,73.6359203737
1081,0.15,1.078284082,,,73.6359203737
1082,-0.33,-0.068164912,,,73.6359203737
1083,0.08,-0.052755002,,,73.6359203737
1084,-0.2,0.180592017,,,73.6359203737
1085,0.15,0.284750502,-0.05052893,,73.3695259062
1086,-0.05,-0.211829902,,,73.3695259062
1087,0.18,-0.055126895,0.18190416,,74.318917922
1088,0.18,-0.227203685,0.18190416,,75.2737994232
1089,0.18,-0.185002145,-0.20211573,,74.2261377284
1090,-0.2,-0.273095727,-0.31327937,,72.6138958963
1091,-0.31,-0.257518217,,,72.6138958963
1092,0.16,0.421838363,,,72.6138958963
1093,-0.01,0.380299594,0.61645297,,75.80077473
1094,0.61,-0.108262159,-0.62655875,,72.5654978107
1095,-0.62,-0.172527665,,,72.5654978107
1096,0.02,-0.016828883,,,72.5654978107
1097,-0.18,0.030880647,,,72.5654978107
1098,0.3,0.083445654,,,72.5654978107
1099,-0.04,0.033015787,0.21222152,,73.6238726818
1100,0.21,-0.132757144,,,73.6238726818
1101,0.28,0.184444595,,,73.6238726818
1102,0.16,0.291950117,0.25198584,,74.8845746314
1103,0.25,-0.262234557,,,74.8845746314
1104,0.25,-0.059388423,-0.87691073,,70.4909973597
1105,-0.87,-0.3833178,0.16127094,,71.3118989532
1106,0.16,-0.392501673,,,71.3118989532
1107,0.2,0.025117238,0.1814298,,72.2376311946
1108,0.18,-0.223933246,0.31246244,,73.8396013516
1109,0.31,-1.014486482,0.29230358,,75.342686781
1110,0.29,-0.106023831,,,75.342686781
1111,-0.25,0.733741577,-0.2116681,,74.2180086133
1112,-0.21,-0.57085092,,,74.2180086133
1113,-0.45,0.77236384,,,74.2180086133
1114,0.15,0.287311774,,,74.2180086133
1115,-0.4,0.086387335,,,74.2180086133
1116,0.45,0.570008237,,,74.2180086133
1117,-0.07,0.079321548,0.20158867,,75.3199567896
1118,0.2,-0.942200795,0.34270075,,77.2110984955
1119,0.34,-0.694520923,0.64508375,,80.7531067045
1120,0.64,-0.303913236,0.69548092,,84.5835625941
1121,0.69,-0.125981982,,,84.5835625941
1122,-0.09,-0.00951807,,,84.5835625941
1123,0.28,-0.088484347,,,84.5835625941
1124,-0.48,0.271447771,,,84.5835625941
1125,0.02,0.025249868,,,84.5835625941
1126,0.9,0.18479096,,,84.5835625941
1127,0.11,0.209871577,,,84.5835625941
1128,0.18,0.705751199,,,84.5835625941
1129,-0.11,0.16255627,,,84.5835625941
1130,0.2,-0.015833135,,,84.5835625941
1131,-0.04,0.101653426,,,84.5835625941
1132,0.55,0.242469473,,,84.5835625941
1133,-0.05,-0.007333441,,,84.5835625941
1134,-0.22,0.462186265,0.51458609,,87.4275993135
1135,0.51,-0.316384549,,,87.4275993135
1136,0.19,0.255078387,,,87.4275993135
1137,-0.02,0.149768958,,,87.4275993135
1138,0.36,0.475849481,,,87.4275993135
1139,-0.27,0.168807114,-0.32287755,,85.6520862451
1140,-0.32,-0.232498674,,,85.6520862451
1141,0.65,-0.013602777,,,85.6520862451
1142,0.2,0.749612302,,,85.6520862451
1143,-0.22,0.129157364,,,85.6520862451
1144,-0.6,0.310910201,,,85.6520862451
1145,0.5,0.250291011,,,85.6520862451
1146,-0.3,0.065476584,,,85.6520862451
1147,0.23,0.763665033,,,85.6520862451
1148,0.2,-0.063565143,,,85.6520862451
1149,-0.14,0.240687564,,,85.6520862451
1150,0.07,0.580689913,,,85.6520862451
1151,0.76,0.246782926,0.09064792,,86.1448225337
1152,0.09,-0.485046393,0.25179978,,87.5323062974
1153,0.25,-0.459983728,-0.07050394,,87.1473426117
1154,-0.07,-0.568189361,0.42302364,,89.4652985349
1155,0.42,-0.217954769,,,89.4652985349
1156,-0.02,0.915736606,,,89.4652985349
1157,-0.1,-0.030287921,,,89.4652985349
1158,0.11,0.243402794,,,89.4652985349
1159,-0.18,0.262829884,,,89.4652985349
1160,-0.35,-0.043015296,,,89.4652985349
1161,-0.4,0.295588486,,,89.4652985349
1162,0.59,0.410991404,-0.18129584,,88.4598812797
1163,-0.18,-0.419578132,-0.02014398,,88.3484325168
1164,-0.02,-0.121520401,,,88.3484325168
1165,0.33,-0.046527688,-0.25179978,,86.9808139305
1166,-0.25,-0.172355355,,,86.9808139305
1167,0.06,-0.021867077,,,86.9808139305
1168,0.31,0.223697603,,,86.9808139305
1169,-0.09,0.278195639,,,86.9808139305
1170,0.51,0.613765469,,,86.9808139305
1171,0.12,0.004987147,,,86.9808139305
1172,0.4,-0.000378036,0.18042988,,87.884345359
1173,0.18,-0.357963634,-0.33078812,,86.2238784668
1174,-0.33,-0.466886151,,,86.2238784668
1175,0.26,0.036464821,,,86.2238784668
1176,0.3,0.281104621,-0.29069259,,84.7940419693
1177,-0.29,-0.188116983,,,84.7940419693
1178,0.22,0.674012512,,,84.7940419693
1179,0.41,-0.086376437,,,84.7940419693
1180,-0.16,0.185656801,-0.4009553,,82.8650853645
1181,-0.4,-0.228739446,0.35083589,,84.5609725027
1182,0.35,-0.220224707,-0.46109859,,82.3185518271
1183,-0.46,-0.154253468,,,82.3185518271
1184,0.16,0.266574036,,,82.3185518271
1185,-0.17,0.036578702,,,82.3185518271
1186,-0.17,0.010647978,,,82.3185518271
1187,-0.23,0.242347282,,,82.3185518271
1188,0.65,0.337401564,,,82.3185518271
1189,0.17,-0.049473645,-0.13,,81.6959773134
1190,-0.13,-0.176637021,,,81.6959773134
1191,0.17,0.082990554,,,81.6959773134
1192,-0.33,0.096212959,-0.26,,80.4284443351
1193,-0.26,-0.175116222,,,80.4284443351
1194,0.07,-0.050461611,,,80.4284443351
1195,0.53,0.038106683,,,80.4284443351
1196,0.36,0.04346996,,,80.4284443351
1197,0.17,-0.003209083,,,80.4284443351
