USO,x,Open,Close
0.09,-0.034284394,38.31,38.4
-0.07,-0.611324505,38.31,38.24
0.24,0.729327926,37.85,38.09
0.17,-0.003209083,37.73,37.9
0.36,0.04346996,37.4,37.76
0.53,0.038106683,37.06,37.59
0.07,-0.050461611,36.77,36.84
-0.26,-0.175116222,37.27,37.01
-0.33,0.096212959,37.79,37.46
0.17,0.082990554,37.66,37.83
-0.13,-0.176637021,38.07,37.94
0.17,-0.049473645,38.1,38.27
0.65,0.337401564,36.71,37.36
-0.23,0.242347282,36.9,36.67
-0.17,0.010647978,37.38908157,37.21867557
-0.17,0.036578702,37.46927263,37.29886663
0.16,0.266574036,37.50936816,37.66975028
-0.46,-0.154253468,37.95041899,37.4893204
0.35,-0.220224707,37.8301324,38.18096829
-0.4,-0.228739446,38.41151758,38.01056228
-0.16,0.185656801,38.70221017,38.54182805
0.41,-0.086376437,38.02058617,38.43156535
0.22,0.674012512,37.66975028,37.8902757
-0.29,-0.188116983,37.86020405,37.56951146
0.3,0.281104621,37.45924875,37.75996522
0.26,0.036464821,37.38908157,37.64970252
-0.33,-0.466886151,37.4291771,37.09838898
0.18,-0.357963634,37.33896216,37.51939204
0.4,-0.000378036,36.4568605,36.8578158
0.12,0.004987147,36.37666944,36.49695603
0.51,0.613765469,36.13609626,36.64731427
-0.09,0.278195639,36.01580968,35.92559473
0.31,0.223697603,34.98334978,35.29409014
0.06,-0.021867077,34.69265719,34.75280049
-0.25,-0.172355355,34.67786585,34.42606607
0.33,-0.046527688,34.24477022,34.57714594
-0.02,-0.121520401,34.06347438,34.0433304
-0.18,-0.419578132,34.16419429,33.98289845
0.59,0.410991404,33.28793106,33.88217854
-0.4,0.295588486,33.87210655,33.4692269
-0.35,-0.043015296,34.22462624,33.87210655
-0.18,0.262829884,35.21168138,35.03038554
0.11,0.243402794,35.10088948,35.21168138
-0.1,-0.030287921,35.11096147,35.01024156
-0.02,0.915736606,35.01024156,34.99009758
0.42,-0.217954769,34.1541223,34.57714594
-0.07,-0.568189361,34.34549014,34.2749862
0.25,-0.459983728,33.78145863,34.03325841
0.09,-0.485046393,34.1541223,34.24477022
0.76,0.246782926,33.64045075,34.40592208
0.07,0.580689913,33.79153062,33.86203456
-0.14,0.240687564,33.64045075,33.49944287
0.2,-0.063565143,33.2375711,33.43901093
0.23,0.763665033,33.16706716,33.39872296
-0.3,0.065476584,33.14692318,32.84476344
0.5,0.250291011,33.04449944,33.54899562
-0.6,0.310910201,34.00304218,33.39764677
-0.22,0.129157364,34.3158298,34.09385149
0.2,0.749612302,33.46827623,33.6700747
0.65,-0.013602777,33.18575837,33.8416034
-0.32,-0.232498674,34.08376156,33.76088401
-0.27,0.168807114,34.68915697,34.41672904
0.36,0.475849481,34.38645927,34.74969651
-0.02,0.149768958,34.53780812,34.51762827
0.19,0.255078387,33.98286233,34.17457087
0.51,-0.316384549,33.39764677,33.91223286
-0.22,0.462186265,34.08376156,33.86178325
-0.05,-0.007333441,34.21493057,34.16448095
0.55,0.242469473,33.89205302,34.44699881
-0.04,0.101653426,34.51762827,34.47726858
0.2,-0.015833135,34.50753835,34.70933682
-0.11,0.16255627,34.42681896,34.3158298
0.18,0.705751199,34.26538019,34.44699881
0.11,0.209871577,34.20484064,34.3158298
0.9,0.18479096,32.88306067,33.79115378
0.02,0.025249868,32.66108235,32.6812622
-0.48,0.271447771,33.94250263,33.45818631
0.28,-0.088484347,33.59475223,33.87697637
-0.09,-0.00951807,33.47379902,33.38308412
0.69,-0.125981982,32.81863584,33.51411676
0.64,-0.303913236,32.27434642,32.91943017
0.34,-0.694520923,31.77037474,32.11307549
0.2,-0.942200795,31.87116908,32.07275775
-0.07,0.079321548,31.70989814,31.63934211
0.45,0.570008237,31.43775343,31.89132795
-0.4,0.086387335,31.65950097,31.25632363
0.15,0.287311774,31.86108965,32.01228115
-0.45,0.77236384,32.19371095,31.74013644
-0.21,-0.57085092,33.00006564,32.78839754
-0.25,0.733741577,33.9777707,33.72578486
0.29,-0.106023831,33.80642033,34.09872391
0.31,-1.014486482,33.59475223,33.90721467
0.18,-0.223933246,33.57459336,33.75602316
0.2,0.025117238,33.34276639,33.54435506
0.16,-0.392501673,33.49395789,33.65522883
-0.87,-0.3833178,34.9050786,34.02816787
0.25,-0.059388423,34.67325162,34.92523746
0.25,-0.262234557,34.70348992,34.95547576
0.16,0.291950117,34.95591508,35.11760766
0.28,0.184444595,34.63252991,34.91549193
0.21,-0.132757144,34.60221255,34.81443407
-0.04,0.033015787,34.24851003,34.20808689
0.3,0.083445654,33.66237442,33.96554801
-0.18,0.030880647,33.58152813,33.39962398
0.02,-0.016828883,33.78364386,33.80385543
-0.62,-0.172527665,34.0463943,33.41983555
0.61,-0.108262159,33.38951819,34.00597116
-0.01,0.380299594,33.96554801,33.95544223
0.16,0.421838363,33.61184549,33.77353807
-0.31,-0.257518217,33.85438436,33.54110499
-0.2,-0.273095727,33.81396122,33.61184549
0.18,-0.185002145,33.20761403,33.38951819
0.18,-0.227203685,33.21771982,33.39962398
0.18,-0.055126895,33.10655617,33.28846033
-0.05,-0.211829902,32.9347578,32.88422887
0.15,0.284750502,32.88422887,33.03581567
-0.2,0.180592017,32.94486359,32.74274786
0.08,-0.052755002,33.00549831,33.0863446
-0.33,-0.068164912,33.74322071,33.40972976
0.15,1.078284082,33.87693894,34.02976724
-0.12,0.559073934,34.08071001,33.95844737
-0.49,0.448766087,34.33542383,33.83618473
0.16,0.609016402,34.07052145,34.2335383
-0.07,0.687172762,34.13165277,34.0603329
-0.81,-0.33162557,35.63955862,34.81428583
0.3,-0.60452811,35.31352493,35.61918152
0.03,-0.506965426,35.34409059,35.37465624
0.01,0.287407105,35.92483811,35.93502666
-0.23,0.110116883,36.08785496,35.85351824
0.02,-0.163239934,35.92483811,35.94521522
0.57,-0.000995282,35.20145084,35.78219837
-0.18,0.12283713,35.53767309,35.35427914
-0.42,-0.121651357,35.76182126,35.33390203
0.49,0.1324925,35.20145084,35.70068994
-0.02,-0.232943437,35.7108785,35.69050139
-0.11,0.065181633,35.54786165,35.43578756
0.33,0.178389924,35.68031284,36.01653509
0.12,0.120869599,35.82295258,35.94521522
0.07,0.188677481,36.19457772,36.26610851
0.1,0.218830169,35.959548,36.06173484
-0.02,0.031831608,35.72451827,35.70408091
-0.09,0.123014478,35.63255012,35.54058197
-0.04,-0.075236668,35.56101933,35.5201446
-0.31,-0.034937596,35.68364354,35.36686434
0.19,0.052000916,35.5814567,35.77561169
0.07,-0.050296617,35.4588325,35.53036328
-0.03,0.284089175,35.4588325,35.42817645
0.24,-0.131626979,34.78439937,35.02964778
-0.26,0.27390284,34.99899173,34.73330595
0.16,0.175378816,34.86614884,35.02964778
0.19,0.249314378,34.61068175,34.80483674
-0.11,0.095869164,35.02964778,34.91724226
-0.07,-0.334211163,34.69243122,34.62090043
-0.05,0.293435741,34.75374332,34.7026499
0.2,0.132026356,34.45740149,34.66177517
0.18,0.22319163,34.43696412,34.62090043
-0.11,-0.252327626,34.59024438,34.47783886
-0.18,0.057987048,34.74352464,34.55958833
0.47,0.296444831,33.61946943,34.09974756
-0.14,-0.005502422,33.81428262,33.67160633
0.02,-0.248964445,33.80409146,33.82447379
0.1,0.19845166,33.68179749,33.78370913
0.05,0.012481622,32.80535737,32.85631319
0.2,-0.556058737,32.77478388,32.97860716
0.1,0.465965475,33.2537686,33.35568024
0.41,0.03936167,32.87669552,33.29453325
0.08,-0.325893695,32.7136369,32.79516621
0.16,-0.327850861,32.45885779,32.62191642
0.16,0.360488183,32.25503451,32.41809314
-0.04,0.263542278,32.22446102,32.18369636
-0.07,0.220031869,32.45885779,32.38751964
0.05,0.006724038,32.02063774,32.07159356
-0.26,0.006224366,32.25503451,31.99006424
-0.15,-0.606223262,32.285608,32.13274054
-0.08,-0.204242874,32.34675499,32.26522567
-0.18,-0.197613608,33.01937182,32.83593087
0.17,-0.221745312,32.84612203,33.01937182
-0.44,-0.092721275,33.67160633,33.2231951
0.19,-0.292748285,32.98879833,33.18243045
-0.25,-0.149147084,32.88320893,32.62963699
0.42,-0.438465652,31.81820679,32.24420765
-0.14,-0.361331939,32.5789226,32.43692232
0.13,-0.130499902,32.51806534,32.64992275
0.22,0.12406378,32.55863685,32.78178015
0.12,0.096114045,32.45720807,32.5789226
-0.46,0.014995089,32.87306605,32.40649369
0.15,0.228323158,32.98463771,33.13678087
0.11,0.68888029,32.27463628,32.38620793
-0.45,-0.176798428,32.39635081,31.93992132
0.25,0.37906591,31.97034995,32.22392189
0.1,-0.438503199,31.75734952,31.8587783
-0.14,-0.206931329,32.18335038,32.0413501
0.42,-0.108173467,31.75734952,32.18335038
0,0.074494415,31.74720665,31.74720665
-0.77,-0.104625139,32.43692232,31.65592075
0.63,-0.565238029,32.38620793,33.02520922
0.23,-1.639309106,31.82834967,32.06163585
-0.6,-0.53612198,32.40649369,31.79792103
0.21,-0.687431834,32.30506491,32.51806534
-0.03,-0.443006084,32.2644934,32.23406477
0.14,-0.539574355,32.08972201,32.23166706
-0.12,-0.06411691,32.34319532,32.22152813
-0.25,-0.32772821,32.32291746,32.06944414
-0.17,0.370441593,32.58652971,32.41416785
-0.41,-0.688863422,33.77278483,33.35708859
-1.11,1.067964581,34.92862316,33.80320163
0.32,-0.276363984,34.21889787,34.54334372
-0.18,-1.243055706,34.75626131,34.57376052
0.19,-0.510682748,34.41153759,34.60417732
0.38,-0.201598738,34.08709175,34.47237119
-0.16,-0.318701413,34.63459411,34.47237119
0.02,-0.364228875,34.74612237,34.76640024
-0.41,-0.982118251,34.72584451,34.31014827
0.73,-0.274855076,33.91472989,34.65487198
0.11,-0.7224928,33.57000618,33.68153444
-0.35,-0.089001232,34.16820321,33.81334056
0.95,0.005716169,33.44833899,34.41153759
-0.96,0.071312781,34.03639708,33.06305954
-0.33,-0.056830456,34.82723383,34.49264906
-0.2,-0.229460339,34.92862316,34.72584451
0.01,0.273929269,34.73822015,34.74840433
0.32,-0.189154394,34.45306326,34.77895685
-0.16,0.018342057,34.11698549,33.95403869
-0.56,-0.210151806,34.94190365,34.37158986
0.08,0.316584181,34.6363784,34.7178518
-0.13,0.483162776,35.25761306,35.12521879
0.43,-0.141724936,34.70766763,35.14558714
-0.83,-0.452296053,35.59369083,34.74840433
-0.21,-0.449684897,36.43897734,36.22510967
-1.11,-0.051120486,37.53886821,36.40842481
-0.12,0.977346299,37.64070996,37.51849986
-0.06,-0.137705805,37.24352714,37.1824221
-0.13,-0.059390507,36.83616015,36.70376588
0.01,-0.125564002,36.76487093,36.7750551
0.21,-0.256643828,36.29639889,36.51026656
0.41,0.691999348,36.12326792,36.54081909
-0.76,-0.378508656,36.65284501,35.87884772
0.1,0.569910729,36.12326792,36.22510967
-0.45,0.508487313,36.62229248,36.16400462
0.02,0.199213602,36.53063491,36.55100326
-0.15,0.215030579,36.26285451,36.10924174
-0.36,0.016207074,36.6008026,36.23213196
0.06,-0.153039003,36.59056175,36.65200686
0.16,-0.24725093,36.30381792,36.46767154
-0.25,0.241097493,36.79537878,36.5393575
-0.59,0.272421132,37.22549454,36.62128431
0.25,-0.097726444,36.83634219,37.09236347
-0.35,0.025789672,37.20501283,36.84658304
0.01,-0.108417777,36.68272942,36.69297027
0.19,0.009712123,36.62128431,36.81586048
0.23,-0.239678443,36.1809277,36.41646728
0.5,0.313189912,35.52551322,36.03755578
0.03,0.194940731,35.73033024,35.7610528
-0.3,0.01751658,35.8020162,35.49479066
0.37,0.165903461,35.31045534,35.68936684
-0.03,0.185857802,35.8020162,35.77129365
-0.16,-0.044421869,35.87370216,35.70984854
0.27,-0.039925724,35.47430896,35.75081195
0.47,-0.403438122,34.76769022,35.24901023
0.54,-0.183090337,34.33757446,34.89058044
0,0.311583066,33.38517529,33.38517529
0.14,0.565848402,33.8255319,33.96890382
-0.77,-0.210906906,34.25564765,33.4671021
-0.15,0.670890696,34.3531807,34.19981828
0.16,-0.210846705,34.26116325,34.42474982
-0.24,-0.292879969,34.4043015,34.15892164
0.11,-0.425867508,33.84197265,33.95443842
0.05,0.290643287,33.84197265,33.89309346
-0.02,-0.488544334,33.76017936,33.73973104
0.04,0.558400657,34.92573371,34.96663035
0.4,0.195226326,35.007527,35.41649343
0.21,-0.546087344,34.23049077,34.44519815
-0.02,0.277162284,34.14869748,34.12824916
0.32,0.544475056,33.53524782,33.86242097
0.29,-0.514477748,33.11605723,33.41255789
0.36,-0.349973367,32.55372837,32.92179817
0.38,-1.000780698,32.66619415,33.05471226
-0.63,-0.85074785,32.87067736,32.22655523
0.46,-0.16729888,32.42081428,32.89112569
-0.18,0.362685468,32.48215925,32.29812435
-0.07,-0.321445436,33.42278205,33.35121293
0.25,-0.29681574,33.42278205,33.67838608
0,-0.565664793,32.13453778,32.13453778
1.07,-0.059569006,31.40340152,32.49578252
-0.44,-1.12137928,30.56624972,30.11704632
0.08,-0.733457397,30.75001475,30.8316881
0.02,-1.16723468,30.4131122,30.43353054
0.12,-0.255398558,30.30081135,30.42332137
0.53,-0.554722735,30.1885105,30.72959641
-0.84,-0.02111772,30.93377978,30.07620965
-1.06,0.244223683,32.20992581,31.12775398
-0.06,-0.005232461,32.40390001,32.342645
0.3,-0.009473218,31.66883989,31.97511494
-0.01,0.212054077,32.30180832,32.29159916
0.54,-1.122583554,31.84239575,32.39369084
0.06,0.010174437,31.68925823,31.75051324
0.1,0.152762711,31.97511494,32.07720662
-1.2,-0.246421831,32.5672467,31.34214651
0.61,0.156045085,31.84239575,32.46515502
-1.05,0.802410833,33.45544434,32.38348167
0.06,-0.359504402,32.7612209,32.8224759
0.15,-0.606608912,32.27118082,32.42431834
0.42,-0.591164751,31.99553328,32.42431834
-0.27,0.335849536,32.36306333,32.08741579
-0.43,-0.328985457,33.73109188,33.29209764
-0.5,-0.237504124,34.18097416,33.67111476
-0.3,0.240129192,35.21089015,34.90497451
0.01,0.459687122,34.88458013,34.89477732
-0.03,0.003404241,34.96615764,34.93556607
-0.33,0.435477422,35.09872108,34.76221388
-0.43,-0.391855741,35.59838329,35.15990421
0.47,-0.324745097,35.36384797,35.84311581
-0.46,0.165599193,35.57798892,35.10891827
-0.34,-0.640308493,36.07765113,35.73094674
-0.14,-0.250520149,35.88390456,35.74114393
-0.52,0.661402513,36.50593302,35.97567925
-0.1,0.090101969,36.41415833,36.31218645
-0.01,0.283629267,36.98520086,36.97500367
-0.25,-0.386257529,37.58683495,37.33190525
0.28,-0.122234254,36.9546093,37.24013056
0.14,-0.353085679,37.45427151,37.59703214
0.19,0.432750274,37.58683495,37.78058152
-0.55,0.127274121,38.58615938,38.02531404
-0.6,-0.098427671,40.20751227,39.59568099
-0.12,0.295236422,40.79894917,40.67658292
0.52,0.193967827,40.41145603,40.9417098
0.25,-0.746981796,40.20751227,40.46244197
0.07,-1.417564298,40.45171628,40.52331223
0.09,-0.180849584,40.33920834,40.43126029
0.08,-0.241130529,40.22670041,40.30852436
-0.2,-0.032832853,40.26761238,40.0630525
0.3,0.137950757,39.61302077,39.91986059
-0.12,0.195008151,40.4108043,40.28806837
-0.08,0.17554815,39.93008858,39.84826463
-0.42,0.201000713,40.36989232,39.94031658
-0.19,0.623230738,40.73810011,40.54376822
0.05,0.311886677,40.02214053,40.0732805
-0.1,-0.127875892,40.14487646,40.04259652
0.29,-0.347830639,40.04259652,40.33920834
0.33,0.3533029,39.5618808,39.8994046
-0.37,-0.409114068,39.76644068,39.3880049
0.41,-0.430901682,39.43914487,39.85849262
0.53,-0.43234145,39.61302077,40.15510445
-0.28,0.243401349,40.01191253,39.7255287
-0.29,0.699640882,40.86083604,40.56422421
1.1,0.369055982,39.81758065,40.94265999
-0.15,0.588682761,40.5837328,40.42914773
-0.74,0.247417359,41.25360142,40.49098176
0.06,0.49608553,41.35665813,41.41849216
-0.14,0.481958971,42.09866645,41.95438705
0.06,-0.246005622,41.95438705,42.01622108
0.48,0.082064613,41.4391035,41.93377571
0.24,0.493175067,41.1196277,41.3669638
0.13,0.086072906,41.76888497,41.9028587
-0.35,-0.385531309,42.02652675,41.66582826
0.1,-0.314398137,42.44905927,42.55211598
0.6,0.543753974,41.66582826,42.28416853
-0.13,0.391577411,41.64521692,41.5112432
-0.26,-1.049809813,41.91316437,41.64521692
0.25,-0.925537749,41.82041333,42.07805511
0.14,0.511139571,41.79980199,41.94408138
0.28,0.095785787,42.05744377,42.34600256
0.14,0.564632862,41.92347004,42.06774944
0.58,0.754907152,41.25360142,41.85133034
0.03,0.014219578,41.32574112,41.35665813
0.04,0.35232892,42.18111182,42.2223345
-0.51,0.27987913,42.54181031,42.01622108
0.61,-0.537333902,42.39753091,43.02617685
0.07,1.709003912,42.09866645,42.17080615
-0.58,1.392307481,42.63456135,42.03683242
-0.35,0.025280982,42.98789694,42.62561031
0.41,-0.224941617,43.06035427,43.48474718
0.81,0.025321306,41.98384541,42.82228019
0.09,-0.676004641,41.92173913,42.01489855
0.45,0.172124604,41.5387504,42.0045475
0.04,0.424354736,41.10400644,41.14541063
0.25,-0.659960781,40.40013527,40.65891143
0.12,-0.279037447,40.43118841,40.55540097
-0.22,-0.443855337,40.43118841,40.20346538
0.18,0.700419852,39.86188084,40.04819968
0.47,-0.13506851,38.86818035,39.35467955
-0.06,0.656423855,39.73766828,39.675562
-0.32,-0.289517651,39.70661514,39.37538164
0.88,0.137979246,38.37133011,39.28222222
0,-0.822407318,38.64045733,38.64045733
0.35,0.341933084,38.54729791,38.90958454
-0.03,0.328840705,38.46448953,38.43343639
-0.75,-0.128084934,39.46854106,38.69221256
-1.01,0.275038371,40.19311433,39.14765862
0.08,-0.014239129,39.43427833,39.51745108
0.02,-1.141024674,39.7981591,39.81895228
-0.57,0.259518973,40.48433426,39.89172844
0.53,0.841121606,39.31991581,39.87093525
0.3,-0.680720669,39.29912262,39.61102042
0.37,0.181879569,39.52784767,39.91252162
-0.39,-0.25554819,39.68379657,39.27832943
-0.39,-0.240280156,40.62988656,40.22441942
-0.05,0.261640885,40.4219547,40.36997173
0.2,-0.098366465,40.12045349,40.32838536
0.26,0.173362731,39.40308855,39.67339998
-1.23,0.128864082,40.84821502,39.56943405
-0.17,1.005074207,40.64028315,40.46354107
-0.23,0.855226102,41.13931963,40.90019799
-0.03,-0.014005172,40.66107634,40.62988656
-0.17,-0.439366085,40.95218095,40.77543887
-0.32,-0.120361002,41.05614689,40.7234559
0.27,0.014620424,41.06654348,41.3472515
0.45,-0.870419487,40.79623205,41.26407875
0.01,0.263772687,39.51331919,39.52369014
0.02,0.331548824,39.81407674,39.83481864
-0.54,-0.11497922,40.32225328,39.76222199
0.57,0.318435278,39.91778624,40.50893038
0.02,-0.132048442,39.89704434,39.91778624
0.01,-0.098977727,39.68962534,39.69999629
0.44,-0.223147307,39.06736834,39.52369014
0.26,-0.301329724,38.6836432,38.95328789
-0.19,-0.045867176,37.73988675,37.5428387
0.09,-0.488840334,37.5220968,37.61543535
-0.77,0.232141616,38.2688052,37.47024205
-0.74,0.566217842,38.78735269,38.0199024
0.54,-0.203288523,39.48220634,40.04223763
-0.08,-0.397598178,39.36812589,39.28515829
0.72,0.306579148,39.18144879,39.92815719
-0.74,0.270832281,39.94889909,39.18144879
-0.26,0.576129026,40.51930133,40.24965663
0.11,0.118534227,40.33262423,40.44670468
-0.46,0.052356308,40.93413933,40.45707563
0.15,-0.233172342,40.32225328,40.47781753
-0.05,-0.441569159,40.09409238,40.04223763
-0.28,0.152607698,40.50893038,40.21854378
0.37,0.466893774,39.56288489,39.94628634
-0.46,0.302178826,39.69759351,39.22093225
0.08,0.252239253,38.42304274,38.50594035
0.04,-0.13474707,38.46449154,38.50594035
0.1,0.023328884,39.08622363,39.18984564
0.18,1.104773452,38.76499538,38.95151501
-0.56,-0.385720078,39.77012892,39.18984564
-0.84,0.504552536,40.48512081,39.6146959
-0.01,-0.274517674,40.77526245,40.76490025
0.31,0.412789506,39.50071168,39.82193993
-0.09,0.17308765,39.32455426,39.23129445
0.35,0.1884341,39.23129445,39.5939715
0.11,-0.378368753,38.97223941,39.08622363
0.15,-1.073658224,38.18471211,38.34014513
0.17,0.384733263,38.60956236,38.78571979
0.36,0.524851255,38.06036569,38.43340494
0.16,-0.120426455,37.61479103,37.78058625
0.19,0.321542745,37.43863361,37.63551543
-0.39,0.712677158,37.3660982,36.96197234
0.57,-0.391801994,35.8843034,36.47494888
0.28,-0.130965063,36.74436611,37.03450775
0.37,0.242868609,36.8753907,37.25800131
0.2,0.205093289,37.23731966,37.44413621
-0.78,1.318507222,37.06152559,36.25494105
-0.24,-0.310595494,37.26834214,37.02016228
1.34,-0.835397967,35.20017665,36.58584753
-0.07,-0.299204768,35.07608672,35.00370093
0.09,0.531096597,34.37291045,34.4659779
-0.84,1.495650418,35.31392575,34.44529625
0.52,0.442341038,34.77620272,35.31392575
-0.12,0.262031096,34.69347611,34.56938618
0.21,-0.625325797,34.80722521,35.02438258
0.07,0.378365858,33.69041584,33.76280163
-0.3,0.743695503,34.3522288,34.04200398
0.16,-0.590912426,33.96961818,34.13507142
0.51,0.404891773,33.84552825,34.37291045
-0.18,-0.139903122,33.31814605,33.13201116
1.24,-0.245550071,31.78770359,33.06996619
0.78,-0.550362887,31.08452732,31.89111187
0.51,-0.104838328,30.40203271,30.92941491
-0.27,0.14016615,31.03282319,30.75362085
-0.6,0.159205926,32.14963255,31.5291829
-0.17,-0.734434367,33.28588616,33.10982516
-1.13,0.282880057,33.53444287,32.36415502
0.25,-0.412899071,33.2651731,33.52408634
0.76,0.120740064,31.80490243,32.59199868
0.4,-0.409221842,31.78418937,32.19845055
-0.27,-0.065563564,32.51950297,32.23987667
-0.57,0.138525628,34.68401766,34.09369547
0.1,0.524576058,34.51831318,34.62187848
0.03,0.825784646,34.44581748,34.47688706
-0.51,-0.519988742,35.88537509,35.35719208
-0.13,0.555011254,35.96822733,35.83359244
-0.4,0.191885948,35.97858386,35.56432267
0.23,-0.417902368,35.8543055,36.09250568
0.73,-1.079438662,34.89114825,35.64717491
0.16,-0.738821418,34.89114825,35.05685272
-0.19,-1.084262061,35.88537509,35.68860103
0.67,0.955181968,35.23291373,35.92680121
0.97,-0.227983688,33.78299958,34.78758295
0.27,0.00190144,34.5597393,34.8393656
-0.01,0.322707794,35.70931409,35.69895756
0.18,0.179919405,35.55396614,35.74038368
0.46,0.309775507,35.28853126,35.76624534
-0.01,-0.243353518,35.27814617,35.26776109
0.37,-0.711447687,34.04232062,34.4265689
-0.49,0.142315024,34.74850665,34.23963731
-0.17,-0.005319088,34.53041979,34.35387328
0.53,-0.195594629,34.1565566,34.7069663
0,-1.377076615,33.98001009,33.98001009
0.65,0.119190238,32.68187401,33.35690477
-1.3,-1.156641751,34.29156275,32.94150123
-0.4,-0.365199942,35.73509008,35.31968653
0.11,0.174987103,35.01851896,35.13275493
0.56,0.618635046,34.95620843,35.53777339
-0.62,0.068196086,35.15352511,34.50964961
1.07,0.25635068,33.47114075,34.58234523
0.29,0.460060576,32.70264419,33.00381176
-0.35,-0.293367729,33.20112844,32.83765034
-1.04,-0.299329472,33.80346358,32.72341436
-0.05,0.20354272,35.30930144,35.257376
-1.89,0.568793235,36.9916858,35.02890405
-0.58,0.298001829,37.84326307,37.24092793
-0.44,0.525402786,38.25866662,37.80172272
-1.19,0.147028609,39.86835536,38.63252981
0.14,-0.199843754,38.74991432,38.89543438
-0.11,-0.690087045,39.5190918,39.40475461
-0.48,-0.323402753,39.96604629,39.46712035
0.27,-0.26701042,40.0595949,40.34024074
0.18,-0.487011457,40.01801774,40.20511496
0.35,-0.18975089,40.10117206,40.46497222
0.13,-0.394185682,40.11156635,40.24669213
-0.12,0.10356153,40.03880632,39.91407484
0.09,0.092802443,39.66461187,39.75816048
-0.11,0.500453475,39.18647451,39.07213732
0.31,0.398408669,39.311206,39.633429
-1.13,-0.629538962,40.20511496,39.03056016
0.33,-0.52632993,39.5190918,39.86210338
0.78,0.967628807,38.61478855,39.42554319
0.01,0.081559076,38.74991432,38.76030861
-0.21,-0.657909919,39.50869751,39.29041742
-0.01,-0.443825799,40.14274922,40.13235493
-0.09,0.372417531,39.47751464,39.38396603
0.24,0.453481712,39.20726309,39.45672606
0.18,-0.185301974,38.42769132,38.61478855
0.01,-0.499724384,38.69794287,38.70833716
0.75,0.623564471,37.87776177,38.65649865
0.54,0.363360778,37.25477226,37.81546282
0.31,-1.051797322,36.68369855,37.00557646
0.12,0.689554732,37.05749226,37.18209016
0.26,-0.082156618,37.11979121,37.38975332
0.13,0.120141166,38.38653653,38.52151759
-0.15,-0.823085562,38.35538705,38.19963968
0.23,-0.345346875,37.88814493,38.12695757
-0.12,-0.44552185,38.15810704,38.03350914
-0.05,0.859651829,38.90569445,38.85377866
-1.38,-0.604464183,40.45278505,39.01990919
0.72,-0.057037532,39.85056186,40.59814926
-0.46,-0.504285021,40.20358924,39.72596396
-0.51,-1.593558295,41.09654086,40.56699979
0.14,-0.146129258,41.53263352,41.67799773
0.5,-1.48783494,40.85772822,41.37688614
0.07,-1.049977876,40.47355136,40.54623347
-0.4,-1.490452484,40.90964401,40.49431768
0.73,0.940170016,40.42163557,41.17960613
0.01,0.690077158,41.18998929,41.20037245
-1.02,0.926232193,42.09332407,41.03424191
-0.16,0.556754131,42.21792197,42.05179144
-0.04,1.464406916,41.46721075,41.42548274
-0.24,0.391758928,41.56109877,41.31073071
0,0.321488225,41.65498679,41.65498679
0.02,0.117287366,40.95604261,40.97690662
0.16,-0.507168425,39.96500236,40.1319144
0.53,0.211888741,40.62221853,41.17511467
-0.49,-0.023940969,41.26900269,40.75783456
0.33,-0.358386176,40.86215459,41.20641068
0.3,1.32129973,39.90241034,40.21537042
-0.75,-0.782822289,40.95604261,40.17364241
0.17,-1.727400395,40.96647462,41.14381866
0.57,2.868581989,40.38228246,40.97690662
-1.32,2.024147672,42.42695499,41.04993064
0.86,-1.154093135,41.95751487,42.85466711
1.46,-0.796423826,41.11252265,42.63559505
-0.37,1.770026544,40.93517861,40.54919451
-2.67,1.267429824,43.80397935,41.01863463
-0.66,0.800962878,45.81735587,45.12884369
-0.68,0.101726851,46.6936441,45.98426792
-0.06,-0.660372489,46.93358016,46.87098815
0.25,-0.596967099,47.14131304,47.40379251
0.02,-0.107505488,47.04682043,47.06781878
0.45,0.464967814,46.79484013,47.26730318
0.04,0.145337923,46.65835081,46.70034752
-0.34,0.707603896,47.1098155,46.75284342
0.38,0.108537059,46.39587134,46.79484013
0.76,-0.487565862,45.62943128,46.42736887
0.33,0.132846014,44.74750026,45.09397316
-0.28,0.195085222,45.31445592,45.02047891
0.62,0.14750101,45.24096166,45.89191075
0.58,0.151378267,44.83149369,45.44044606
0.07,-0.351669192,44.81049533,44.88398958
-0.94,-0.053922716,45.39844935,44.41152653
-1.15,1.077397466,47.02582207,45.8184165
0.71,0.985311702,46.65835081,47.40379251
0.5,-0.413096865,45.66092882,46.18588776
0,-0.959043721,45.53493867,45.53493867
-0.02,0.577215637,45.2724592,45.25146084
0.14,0.309652103,45.2724592,45.4194477
0.45,0.576587075,44.85249205,45.32495509
0.17,0.370917277,44.54801586,44.7265019
-0.03,-0.021270532,44.19789155,44.16608687
0.34,-0.922587478,43.9858604,44.34631334
-0.02,0.370034799,43.93285262,43.9116495
0.21,0.145884496,44.49473514,44.71736784
-0.23,-0.519090737,44.82338341,44.5795476
0,-0.148719529,44.64315694,44.64315694
0.86,-0.190683073,43.54059501,44.45232892
-0.14,-0.774860404,43.75262615,43.60420435
0.36,0.409699999,43.05292338,43.43457943
0.33,-0.019496397,42.78788445,43.13773584
0.01,-0.343331975,42.05637701,42.06697857
0.01,-0.885212475,41.74893186,41.75953341
0.28,-2.139687949,43.07412649,43.37097009
0.28,1.003908882,42.84089224,43.13773584
-0.36,-0.444189424,44.27210245,43.89044639
-0.61,-0.204697215,45.22624258,44.5795476
-0.26,1.556426517,45.13082857,44.85518809
-0.38,0.046191637,45.3216566,44.91879743
0.6,-0.139734265,44.24029777,44.8763912
0.26,-0.257379237,43.38157165,43.65721213
0.74,-0.292916259,43.09532961,43.87984483
0.96,-0.057593429,41.89735365,42.91510314
-0.26,0.605348883,41.82314276,41.54750227
0.31,-0.151413089,41.94415724,42.2744262
-1.28,-0.443810016,42.88169492,41.51800375
0.8,0.19454313,41.54996526,42.40227224
-0.56,2.04801725,41.60323445,41.00661956
-0.02,-0.353581442,38.7586599,38.73735223
0.53,0.729873921,37.85308374,38.41773711
-0.12,0.306819948,37.98092978,37.85308374
-0.59,-0.521495911,38.33250641,37.70393002
-0.31,0.073342172,38.556237,38.22596804
-0.23,-0.138947084,38.65212153,38.40708327
0.24,0.537539572,38.67342921,38.9291213
-0.15,0.09196549,39.04631351,38.88650595
0.26,0.468547807,38.7586599,39.03565967
-0.55,0.460658424,39.6429284,39.05696735
-1.04,-0.082889261,40.88942735,39.78142828
-0.19,0.635218131,40.78288898,40.58046607
0.07,-0.309050052,40.60177375,40.67635061
-0.6,-1.270882183,41.19838863,40.5591584
1.33,-1.450552988,39.71750526,41.13446561
1.33,-0.05948143,38.80411673,40.22782639
-0.66,0.253891426,39.17877716,38.47227462
0.56,-0.102615644,38.84693506,39.44639176
-0.2,0.409287102,39.03961757,38.82552589
0.03,0.63051397,39.49991468,39.53202843
-0.09,0.327476894,40.24923556,40.1528943
-0.18,0.537260115,40.40980432,40.2171218
-0.43,0.210178425,41.71576355,41.25546645
0.24,0.755820272,41.20194353,41.45885354
0.41,-0.553291496,41.22335269,41.66224063
-0.35,-0.550944195,41.74787731,41.37321687
-0.05,0.429494222,41.79069564,41.73717272
0.46,-0.333045896,41.12701144,41.6194223
0.09,-0.220272224,40.76305558,40.85939684
-0.26,0.7749191,40.60248683,40.32416764
-0.63,-0.088352173,41.00926102,40.33487223
0.72,-0.224697693,40.46332723,41.23405728
-0.92,0.340313066,41.74787731,40.76305558
-0.29,0.035106926,42.11183316,41.80140023
0.99,0.084147381,40.6881235,41.74787731
-0.33,0.023256016,41.22985471,40.8759964
-0.13,-0.619626562,41.76600367,41.62660494
-0.03,0.215782762,41.75528069,41.72311175
-0.09,-0.167787709,41.60515898,41.50865217
0.36,0.017986692,41.41214535,41.7981726
0.13,0.086110639,41.29419258,41.43359131
0.15,-0.313187147,40.89744236,41.05828704
0.15,-0.018027513,40.64009086,40.80093554
0.04,0.626649749,40.50069213,40.54358405
-0.2,0.0837338,40.71515171,40.50069213
0.46,0.840381569,40.24334063,40.73659767
0.06,0.759629787,40.57575298,40.64009086
-0.36,0.509451923,41.01539513,40.62936788
-0.3,0.354932592,40.70442873,40.38273936
-0.05,0.002023218,40.73659767,40.68298277
-0.02,0.048652666,40.72587469,40.70442873
-0.92,-0.206364346,41.51937515,40.53286107
-0.05,0.03614242,41.03684109,40.98322619
0.65,0.39553076,40.38273936,41.079733
0.63,0.428346285,39.82514445,40.50069213
0.5,0.095501119,39.35333336,39.88948232
-0.29,-1.352292705,38.95658314,38.64561674
0.55,-0.755441342,38.86569519,39.45570712
0.17,0.651441412,38.40441313,38.58678045
1.07,1.233430118,37.55694144,38.70478284
0.21,-0.403264743,37.26729922,37.49257651
0.05,-0.091000827,37.54621395,37.5998514
0.07,-0.12952538,37.7071263,37.78221873
0.22,0.014827366,37.84658367,38.08258844
-0.59,-0.286611743,37.88949362,37.25657173
-0.62,0.659701171,38.69405535,38.02895099
-0.35,0.597969533,39.53079955,39.15533741
-0.79,-0.341535082,39.97062663,39.12315494
-0.06,1.76048582,40.65718597,40.59282103
0.47,0.536026186,40.30317881,40.80737082
-0.72,-0.388236167,40.5177286,39.74534934
0.1,-0.345548689,40.15299395,40.26026885
0.25,-0.606810124,40.12081148,40.38899872
0.18,-0.459715476,40.02426407,40.21735889
0.28,-0.075196032,39.11242745,39.41279716
0.01,0.08743795,38.89787766,38.90860515
-0.33,1.574743499,38.76914778,38.41514062
-0.11,-0.062738526,37.89371019,37.77556087
-0.27,0.070879918,38.3018624,38.01185951
0.11,-0.131588449,37.92593273,38.04408205
0.23,0.670813925,38.0763046,38.32334409
-0.29,-0.442088374,38.51667935,38.20519477
0.36,-0.904541319,37.73259748,38.11926799
-0.56,-0.119493811,38.03334121,37.43185374
0.89,1.118099601,37.27074103,38.22667646
-0.6,-0.144525471,37.8292651,37.18481425
0.68,1.245094985,38.23741731,38.96779495
-0.55,-0.372720529,38.68853291,38.09778629
-0.1,0.006607584,38.77445969,38.66705121
0.09,0.60974319,38.74223715,38.83890477
-0.19,-0.222923341,38.49519765,38.29112155
-0.25,0.081572077,38.5059385,38.23741731
0.53,0.00405364,38.25889901,38.82816393
-1.14,-1.062006884,39.31150207,38.08704545
0.17,0.460470187,38.78520054,38.96779495
0.19,-0.886997891,38.55964274,38.76371884
-0.13,0.359250624,38.36630748,38.22667646
0.28,0.030345024,37.96889612,38.26963985
0.36,-0.392510935,37.03444238,37.4211129
0.75,-0.020910309,35.66961129,36.47564348
-0.03,-0.805486327,35.70185258,35.66961129
-0.36,-0.352079331,36.11024222,35.72334677
0.44,0.081732281,35.42242808,35.8953003
0.37,-0.37070517,34.71311976,35.1107623
-0.4,-1.109008176,35.44392228,35.01403844
-0.44,0.31527479,35.56214033,35.08926811
0.46,0.162170578,35.20748617,35.70185258
-0.45,-0.678700945,35.57288743,35.08926811
-0.39,0.302569323,35.86305902,35.44392228
0.05,0.409364139,35.93828869,35.99202417
-0.12,0.745863066,36.55087315,36.421908
-0.16,0.043453567,36.74432088,36.57236735
0.38,0.493732408,35.88455321,36.29294285
-0.71,-0.055656237,36.11024222,35.34719841
0.11,-0.329287498,35.49765776,35.61587581
-0.03,0.409776755,35.25047455,35.21823326
-0.31,-0.142693479,35.8953003,35.56214033
0.67,-1.168794999,35.16449778,35.88455321
0.48,-0.066350741,34.89582039,35.41168099
-1.12,0.231621473,35.50840485,34.30473011
-0.11,-0.5776786,35.65428744,35.53590617
0.92,0.163629963,35.13771461,36.12781254
0.12,-0.361529619,34.9762856,35.10542881
0.59,0.122355553,34.20142635,34.83638046
-0.28,0.291729096,34.49199857,34.19066442
-0.49,0.22376071,35.42828683,34.90095206
-0.06,0.160402466,35.52514424,35.46057263
-0.41,0.024008296,36.22466995,35.78343065
0.24,-0.491325001,35.9879074,36.24619382
-0.19,0.088456906,36.65514731,36.45067056
0.03,-0.004110399,36.13857448,36.17086028
-0.05,-0.220142432,36.41838476,36.36457509
-0.24,0.693545026,36.76276665,36.50448023
-0.68,0.54490566,38.11877034,37.38695882
0.13,0.223266045,38.46315223,38.60305737
0.17,0.085429515,39.13039214,39.31334501
-0.04,-0.723285277,39.00124893,38.95820119
0.16,-0.340772314,39.33486888,39.50705983
-0.01,-0.395376692,39.72229851,39.71153657
0.22,-0.820506927,39.48553596,39.72229851
0.3,-0.859135578,38.93667732,39.25953534
0.84,-0.389384283,37.13650816,38.0407014
0.5,-0.818483518,37.20109339,37.73930365
-0.08,-0.410154958,37.07192292,36.98580928
-0.84,0.500649889,38.22369289,37.31949964
0.06,0.407318574,37.98688037,38.0514656
0.15,0.349273108,37.93305934,38.09452242
0.52,-0.202000874,37.56707637,38.12681504
-0.89,-0.062552396,37.77159627,36.813582
0.67,-0.301330767,36.75976097,37.48096272
-0.01,-0.115785813,37.10421554,37.09345133
-0.21,-0.203008683,36.99657349,36.77052518
-0.11,-0.560432906,37.34102806,37.2226218
0.09,0.915238451,37.21185759,37.30873544
0.24,0.267756049,37.13650816,37.39484908
-0.31,-0.29906497,36.69517574,36.36148538
0.25,-0.284438912,36.69517574,36.96428087
0.25,-0.33175571,36.57676948,36.84587461
0.75,0.175915994,35.41423531,36.22155071
-0.45,-0.175775506,35.5864626,35.10207336
-0.35,0.004846451,35.46805634,35.09130916
-0.76,0.311150445,36.2000223,35.3819427
-0.24,-1.056150958,36.813582,36.55524107
-0.06,0.322377204,36.8099032,36.74538102
-0.13,0.735289768,38.00356351,37.86376546
0.69,-0.182709212,37.60567674,38.3476818
-0.01,0.611613336,36.99271604,36.98196234
-0.34,-0.20607296,37.18628258,36.82065689
-0.39,-0.313209076,38.057332,37.63793783
-0.64,-0.476336837,38.68104639,37.99280982
0.45,0.383500158,37.59492304,38.07883939
-0.46,0.058289354,38.28315962,37.78848958
0.42,-0.676748767,37.71321371,38.16486896
0.57,0.04554384,37.27231215,37.88527285
-0.39,-0.969162847,37.33683433,36.91744016
0.11,-0.314002977,36.69161254,36.8099032
0.09,-0.556525146,37.29381954,37.39060281
0.01,-0.237195197,36.498046,36.5087997
0.25,-0.476794792,35.42267635,35.69151876
-0.28,1.148014985,35.34740047,35.04629697
-0.91,-0.024666311,36.12166662,35.14308024
0.61,0.75335024,36.1861888,36.84216429
0.43,-0.92050807,35.8743316,36.33674055
-0.47,-2.023835711,36.1861888,35.68076506
-0.15,0.296824475,36.79539001,36.63395952
0.77,0.06078437,36.09585788,36.9245344
0.36,0.42140072,34.68603159,35.07346477
0.87,0.570823583,33.34077749,34.27707434
-0.23,0.271843587,34.86898614,34.62145939
0.44,-0.335630142,34.25555028,34.72907972
-0.22,0.114323478,34.89051021,34.65374549
0.24,0.315855721,35.80528299,36.06357178
-1.04,-0.019311905,37.13977506,36.02052365
-0.57,0.416303762,37.07520286,36.46176699
-0.85,-0.295375906,38.37740882,37.46263604
-0.18,-0.475080191,39.07694095,38.88322436
-0.12,0.169925167,39.70113885,39.57199446
-0.17,0.314690616,39.74418698,39.56123243
-0.02,0.221118199,40.08857203,40.06704797
-0.42,1.618620498,39.52894633,39.07694095
-0.97,-0.911993246,40.82039026,39.77647308
0.08,2.056373872,41.14325124,41.2293475
-0.96,0.198155203,43.7584252,42.72527006
0.16,0.971410925,44.4471953,44.61938782
-0.09,0.522478314,44.57633969,44.4794814
0.42,-0.474210652,43.79130565,44.24409611
0.2,1.812884526,42.87494401,43.09055851
-0.73,1.046557997,43.23070794,42.443715
-0.49,0.137422942,44.0284816,43.50022607
0.92,-0.759097504,43.15524287,44.14706958
0.58,-0.373748649,42.82104038,43.44632244
-0.14,0.119807388,43.56491042,43.41398027
0.1,-0.75904699,43.33851519,43.44632244
0.43,0.357476424,42.77791748,43.24148867
-0.47,0.43748675,44.27643828,43.7697442
-0.18,-0.412299147,45.16045775,44.96640469
0.6,-0.452023465,44.37346481,45.02030832
0.02,0.724042711,44.06082378,44.08238523
-0.18,0.288529914,44.31956118,44.12550813
-0.4,0.121259924,44.81547454,44.38424553
0.32,0.018971178,44.33034191,44.67532511
-0.47,-0.50222774,45.268265,44.76157092
0.03,-0.024667155,45.268265,45.30060717
0.55,0.449996771,44.76157092,45.3545108
0.23,0.913613015,44.21175393,44.45971061
-0.11,-0.582033104,43.5541297,43.43554172
0.05,0.344029558,43.19172561,43.24585058
0.64,0.177135778,42.56387596,43.25667557
-0.27,0.487940405,42.3257261,42.03345126
-0.42,0.278890024,42.56387596,42.10922622
-0.05,0.220035039,42.20665116,42.15252619
0.31,0.989127336,42.63965092,42.97522573
1.18,0.026388327,41.54632654,42.82367582
-0.65,0.079028762,43.13760064,42.43397604
-0.17,-0.126790257,43.39740049,43.2133756
0.05,-0.12740149,43.49482544,43.54895041
0.45,0.107423793,42.58552595,43.07265068
-0.3,0.239573285,42.35820108,42.03345126
-0.65,0.249987464,43.47317545,42.76955085
0.21,-0.387791196,43.12677564,43.35410052
0.33,0.304208089,42.83450081,43.19172561
0.21,0.686758929,42.58552595,42.81285082
-0.22,0.949301027,43.31080054,43.07265068
0.23,-0.632309614,42.88862578,43.13760064
0.07,-0.90757839,42.30407611,42.37985107
0.33,0.128617383,42.29325112,42.65047591
0.2,0.313811359,41.7844764,42.00097628
-0.7,-0.292083092,42.27160113,41.51385156
0.47,0.044267242,41.52419711,42.03309862
0.26,-0.229973989,40.98281254,41.26433252
0.54,-0.265758543,41.63247403,42.21716937
-0.31,0.389302014,41.83820017,41.50254173
-0.1,0.13725144,42.36875706,42.26048014
0.43,-0.706619756,41.85985555,42.32544629
0.33,0.226620425,41.57833557,41.93564939
0.29,-0.063896465,40.79874178,41.11274483
0.59,-0.565412419,40.27901259,40.91784639
0.16,0.11090108,39.14210497,39.31534804
0.2,-0.649938724,39.60769571,39.82424954
0.42,0.091502048,39.07713882,39.53190187
0.67,-0.014711754,38.48161579,39.20707112
0.01,-0.740463266,37.98354198,37.99436967
-0.76,0.123280046,38.94720652,38.12430197
-1.32,1.078207501,40.19239105,38.76313577
-0.2,-0.121521677,40.98281254,40.76625871
0.69,-0.47978815,39.88921569,40.63632641
0.7,-0.243700656,39.00134498,39.75928339
-0.74,0.325103132,39.52576006,38.72177264
-0.15,0.247814357,39.4497072,39.28673678
-0.46,0.115021243,39.69959518,39.19981922
0.13,-0.336490245,39.51489537,39.6561364
0.31,0.503485537,39.6561364,39.99294194
-0.73,-0.82208545,40.27542401,39.48230128
-0.98,0.914190917,41.52486393,40.46012383
-0.34,0.167329474,41.53572862,41.16632899
0.86,-0.841649861,41.3618935,42.29625726
-0.57,0.0121605,42.33971604,41.72042843
-0.24,0.592518005,42.69825098,42.4374983
-0.19,-0.180798808,42.80689793,42.60046872
-0.44,-0.471766652,43.53483248,43.05678591
-0.55,0.619046752,44.64303136,44.04547314
0.3,0.339679462,44.1432554,44.46919625
-0.15,-0.351986631,44.40400808,44.24103765
0.65,-0.049501898,43.80644986,44.51265503
0.16,-0.036654644,43.73039699,43.90423211
0.23,1.29860705,43.5022384,43.75212638
-0.11,0.69147149,42.79603323,42.67652159
0.19,-0.495665871,42.24345629,42.44952193
-0.22,0.837575582,42.36275745,42.12415513
-0.08,0.081556039,42.23261073,42.14584625
0.34,-0.524606177,41.06129025,41.43003929
0.56,-0.28036879,40.32379217,40.93114353
0.31,-0.217417997,39.31515509,39.65136745
-0.79,-1.102976908,40.07434429,39.21754505
-0.48,0.862372075,40.28040993,39.75982305
-0.23,-0.213660495,39.68390413,39.43445625
0.66,-0.462270492,39.13078057,39.84658753
0.13,0.758265361,38.82710489,38.96809717
-0.04,-0.324178016,38.63188481,38.58850257
-0.16,0.106836898,38.65357593,38.48004697
-0.25,1.278514956,39.02232497,38.75118597
-1.07,-0.213030972,40.06349873,38.90302381
-0.24,-0.293380472,40.22618213,39.96588869
-0.15,0.909946963,40.82268793,40.66000453
-0.96,0.364222615,42.61220533,41.57103157
-0.12,0.575393355,41.90724393,41.77709721
-0.7,-1.147531504,42.88334434,42.12415513
-0.24,-0.313082839,43.23040226,42.97010882
0.99,0.107396975,41.38665705,42.46036749
1.13,1.446891592,40.55854295,41.78495862
0.94,-0.255150119,41.85007804,42.87028222
-0.62,0.751457048,42.54468514,41.87178451
-0.78,-0.752013721,43.5865958,42.74004339
0.34,0.547267478,42.41444631,42.78345633
-0.82,0.256042518,43.93389935,43.043934
-0.12,-0.647130636,44.27034967,44.14011084
0.37,0.469681004,43.53232962,43.93389935
0.98,0.566922062,42.66407074,43.72768787
0.09,0.276433968,42.36018013,42.45785925
-0.82,-0.27464508,43.51062315,42.62065779
-0.25,-0.105551467,44.2812029,44.009872
-0.32,0.488006547,44.20523025,43.8579267
0.13,0.573501452,43.81451375,43.95560582
-0.2,-0.236651487,43.30441166,43.08734694
-0.11,0.698269563,44.4005885,44.2812029
-0.02,1.231749792,44.50912086,44.48741439
1.22,0.336858387,42.76174986,44.08584466
0.64,0.219581667,42.68577721,43.38038431
-1.2,0.22090982,44.0196669,42.71602424
0.77,-0.203829452,43.59598303,44.43248707
-0.81,0.461013205,43.74807468,42.86811589
0.31,0.780379591,43.75893837,44.09571272
-1.17,0.619438767,44.86703462,43.59598303
-0.62,0.432468739,45.11689946,44.44335076
0.18,-0.701211465,44.85617093,45.05171733
1.24,0.856278195,43.55252828,44.89962569
-0.45,-0.579666217,44.36730494,43.87843894
0.47,-0.962618433,43.76980205,44.28039543
0.57,-0.052113204,43.32439082,43.94362108
1.08,-0.26585874,42.18370349,43.35698188
0.09,-0.339389441,41.84692914,41.94470234
0.13,0.297756835,41.3037447,41.44497266
-0.13,0.623736786,41.08647093,40.94524297
0.28,-0.683722282,40.06528418,40.36946747
0.96,0.927674475,38.80509629,39.84801041
-0.65,-0.058565454,39.77196459,39.06582482
0.04,-0.258692558,39.65246401,39.69591877
0.73,-0.061329809,38.51177669,39.30482597
0.38,-1.043994513,38.55523145,38.96805162
-0.05,-1.522323471,39.41346286,39.35914441
1.57,-2.56288969,37.61009052,39.31568966
0.13,-2.330909982,37.15531362,37.29662991
0.51,-1.700957893,36.95964491,37.51403959
0.08,-1.126342207,36.87268104,36.95964491
-0.95,1.276457544,37.95972942,36.92703346
-1.67,-0.275219413,40.00338038,38.18800958
0.14,-0.013231432,40.04686231,40.19904908
-0.25,-0.050103223,39.24244651,38.97068441
-0.38,-0.48891159,40.76431424,40.35123586
0.23,-0.140690694,40.50342263,40.75344376
0.69,-0.642076568,39.93815747,40.68822085
0.72,-0.315874329,39.1120007,39.89467554
0.13,1.498803255,38.67718135,38.81849764
-1.74,-0.073090271,40.82953714,38.93807296
0.49,1.13992159,40.09034425,40.62299795
-0.08,4.462412623,40.24253102,40.15556715
0.47,0.155497566,39.64465441,40.15556715
0.14,0.162560397,38.03582281,38.18800958
-0.16,-1.206147311,38.56847651,38.39454877
0.14,0.383748916,38.09017523,38.242362
-0.96,1.163951693,39.3837628,38.34019635
-0.52,-0.630898204,39.75335925,39.18809409
-0.26,0.052306951,41.3133268,41.03006032
1.15,-0.631809454,39.84252007,41.09542951
0.19,1.17676571,40.0495225,40.25652493
-1.3,0.104342668,41.91254436,40.49621195
-0.26,0.385985177,42.01059814,41.72733166
-0.08,0.224146029,41.73822652,41.65106761
-0.3,-0.491840375,41.36780112,41.04095518
1.79,-0.283557284,39.58104332,41.53122409
1.51,-0.324269194,38.51334658,40.15847115
0.21,1.313545819,38.46976712,38.69855928
-1.58,1.136750737,40.975586,39.25419738
0.12,0.925837984,41.05185005,41.18258843
0.38,-0.159728186,40.27831466,40.69231952
-0.38,-0.158691002,40.572476,40.15847115
-0.19,0.460958956,41.29153707,41.08453464
-0.5,-0.012770723,41.56390869,41.01916546
0.21,0.379395496,41.46585491,41.69464706
0.22,0.528831041,41.37869599,41.61838301
0.25,1.184246871,41.09542951,41.36780112
-0.01,0.175478526,41.32422167,41.3133268
1.67,-0.507661216,38.28455443,40.10399682
1.13,1.515445138,37.37539892,38.60456658
-1.45,-0.21675901,37.98454396,36.40729342
-0.02,-0.908843044,38.92001669,38.89826151
0.01,-1.751046068,39.49652896,39.50740655
0.53,0.02050981,38.82211838,39.39863065
1.46,0.14984431,37.34276615,38.93089428
0.8,0.715953836,36.99468328,37.86489047
-0.37,0.049167419,38.40876996,38.00629914
0.11,-0.409556055,37.76699216,37.88664565
0.4,-0.446963503,36.80976425,37.24486784
0.67,0.853476739,35.77639321,36.50519173
0.57,0.049512177,35.7872708,36.40729342
-0.75,-0.094999925,35.74376044,34.92794119
0.31,-0.741099129,34.87355324,35.21075853
0.24,0.31957598,34.96057396,35.22163612
-0.1,0.852334493,35.75463803,35.64586213
-1.06,-0.104305225,36.58133486,35.42831033
-0.7,0.249430926,37.53856277,36.77713148
0.05,-0.109835281,37.70172662,37.75611457
-0.22,0.709729569,39.4530186,39.21371162
-1.24,-0.011321206,42.09627294,40.74745179
-0.57,-1.176906403,41.87872115,41.25869852
0.6,0.733269091,41.76670068,42.42496231
-0.39,0.885087079,41.58019321,41.15232315
0.49,0.08245938,41.20717829,41.74475862
-0.18,0.443750671,40.8890185,40.69154001
0.74,1.014713105,40.23075686,41.04261288
-0.75,-0.227515358,40.59280076,39.76997372
-1.1,-1.085480974,42.8638034,41.6569904
0.32,-0.026877715,42.27136793,42.6224408
0.5,-0.735592671,41.90932403,42.45787539
-0.93,-0.407486451,43.26973141,42.24942588
-0.51,-0.573426971,42.81991929,42.2603969
0.23,-0.482789172,43.00642675,43.25876038
0.25,-0.327134413,43.25876038,43.53303606
0.16,0.45595684,42.57855669,42.75409313
0.12,0.401161662,41.76670068,41.898353
0.16,-0.14615177,41.0096998,41.18523623
-0.3,0.36641732,41.36077267,41.03164185
0.51,0.095116929,40.79027925,41.34980164
-0.96,-0.067486513,40.82319234,39.76997372
0.48,-0.325943121,40.73542412,41.26203342
0.44,-0.496301815,40.58182974,41.06455493
0.09,0.609663276,39.9508761,40.04990058
0.37,-1.161846574,38.47651163,38.88361227
-0.01,1.008582357,38.05840827,38.04740555
1.35,1.057022408,36.04491052,37.53027772
0.22,0.790927154,36.83710636,37.0791662
0.21,0.136530502,36.49602204,36.72707916
0.33,-1.46340252,36.90312268,37.26621244
-0.03,-0.087734046,36.11092684,36.07791868
0.59,-0.455400901,35.34073645,35.98989692
-0.7,0.487551051,35.20870381,34.43851341
0.42,-0.070690915,35.18669837,35.64881261
-0.38,0.60939202,35.83585884,35.41775549
-0.28,0.294558833,36.20995132,35.90187516
0.06,-0.107861725,35.46176637,35.52778269
0.22,-0.189752622,35.50577725,35.74783709
-1.08,0.732296153,35.83585884,34.64756509
0.44,0.609336832,34.09742909,34.58154877
-0.24,0.825871886,33.4372659,33.17320062
0.6,-0.33183356,32.96414894,33.62431214
0.52,0.809220634,32.01791503,32.59005646
0.32,0.86974855,31.14870015,31.50078719
0.21,0.117255905,31.27057952,31.50221345
0.46,0.458733802,30.21168159,30.71907019
0.94,-0.701948979,29.93592692,30.97276448
0.15,-0.993858097,31.711787,31.8772398
0.13,-1.075836858,30.60876832,30.75216075
0.17,-0.227816801,29.96901748,30.15653066
1.03,0.00019387,29.00939123,30.14550047
-0.5,0.706414054,30.57567776,30.02416842
-0.33,0.475550972,32.84789623,32.48390007
-0.18,1.265344656,32.50596044,32.30741708
0.02,1.714481195,32.30741708,32.32947746
-0.48,0.830648555,32.74862455,32.21917559
0.58,0.572488427,32.09784353,32.73759437
0.02,0.062445051,33.82958286,33.85164323
0.96,-0.103033792,31.46912289,32.52802082
-0.34,-0.76830764,32.29638689,31.92136054
0.28,0.224037943,33.03540941,33.34425464
0.21,0.091111237,33.88473379,34.11636771
0.24,0.202278667,33.90679416,34.17151865
0.42,0.039866393,31.06100598,31.52427382
0.37,0.388615401,31.63457569,32.0426926
-1.02,-0.996928825,32.861432,31.73361704
-0.26,-1.003553737,34.28778621,34.00030397
-0.07,-0.894419885,35.48194323,35.40454417
0.21,-0.644172806,34.2767292,34.5089264
0.47,-2.275705835,34.43152734,34.95120678
1.11,-0.526188468,33.91184789,35.13917594
0.38,5.734974911,33.59119462,34.01136098
-0.39,-0.125295797,34.00030397,33.5690806
0.24,-1.876188662,32.47443667,32.73980489
0.82,-0.185265057,31.64516096,32.55183573
1.24,2.054348504,29.86498245,31.23605161
-0.76,-0.86654171,31.39084975,30.55051703
2.01,3.064080547,28.9914787,31.21393759
-1.01,1.671502504,30.19669273,29.07993478
-1.27,-1.37191859,32.17589741,30.77165722
0.66,-0.444983269,30.94856937,31.67833199
0.49,-2.137314729,30.40677591,30.94856937
-0.77,0.547261782,30.21880675,29.36741702
0.67,-0.695601054,29.78758338,30.52840301
-0.04,0.157431875,28.11797496,28.07374692
-1.06,-1.190572588,28.23960206,27.06755906
0.61,-2.527347699,29.38011528,30.05794698
0.42,-0.258195213,29.7912591,30.2579629
1.07,-1.052363332,27.702204,28.89118749
0.64,0.301399544,26.44654855,27.15771624
-1.59,-2.667492638,27.67998001,25.91317278
1.1,0.374469961,25.83538881,27.05770828
0.45,-1.548279603,26.47988453,26.97992432
-0.68,-0.529137931,26.15763667,25.402021
-0.85,0.362874623,27.0132603,26.06874071
-0.55,0.403778624,29.05786742,28.44670768
0.47,-0.755461448,28.51337965,29.03564343
-0.77,-0.047820788,29.83570708,28.98008345
-2.12,1.819172832,32.25812203,29.90237905
-0.7,2.207701233,32.16922607,31.39138641
0.83,3.619156715,30.41353083,31.33582643
0.53,0.311872239,31.42472239,32.01365814
-1.03,0.012208457,32.5581459,31.4136104
0.74,-1.735358377,31.25804246,32.08033011
-0.04,-2.466405823,31.60251431,31.55806633
-0.8,-0.236796265,33.50339841,32.61056967
0.44,-0.023893581,32.11951386,32.61056967
0.4,0.186444695,32.75565434,33.20206871
-1.56,1.053826831,34.66407577,32.92305973
-0.24,-0.419765665,36.13724318,35.86939456
2.92,-0.219102725,32.82261649,36.08144139
0.48,-1.277479321,32.96770116,33.50339841
1.93,-2.274092168,32.47664536,34.63059469
-0.38,-2.968744787,32.4096832,31.98558955
-1.15,0.804076237,34.60827397,33.32483266
-0.68,-0.354847051,34.44086858,33.68196415
-0.3,-0.601380514,35.18861265,34.85380187
0.99,0.415794499,34.42970822,35.53458379
-0.34,-0.727112414,34.58595325,34.20650104
0.24,-1.997692592,35.8582342,36.12608282
0.22,1.036350496,36.80686474,37.05239264
-3.44,-1.576742416,40.96967873,37.13051516
-1.11,0.841957006,42.811138,41.57233813
1.54,2.634325602,39.9094446,41.62813992
1.86,-2.228353989,37.68853312,39.76435993
3.91,-1.657425576,32.57708859,36.94078905
0.32,-3.491965209,33.00226132,33.35569919
0.49,-2.242400177,33.60973266,34.1509344
1.32,1.225380834,30.68282528,32.1407565
0.04,-0.035441959,32.0082173,32.05239703
-0.86,-0.525265921,34.0846648,33.13480052
-2.21,-1.968254014,36.27156163,33.83063133
0.92,-0.312153699,35.49841629,36.51455017
-1.29,-0.67833851,37.57486379,36.15006737
-1.24,0.932672431,39.81698529,38.44741353
0,-2.041828582,40.2477377,40.2477377
-3.28,-2.204280661,44.31227323,40.68953504
1.89,-0.746146739,39.99370423,42.08119666
1.46,-2.102861997,41.06506278,42.67762307
-0.03,-5.16587842,39.58504169,39.55190688
-0.96,0.385857336,39.11010954,38.04979593
1.01,-0.670808984,38.77876154,39.89429982
-0.5,-0.548804951,38.38114393,37.82889726
-1.85,0.130170771,41.15342224,39.11010954
0.04,0.197217053,41.98179226,42.02597199
-2,-2.150983929,44.7319807,42.522994
-1.2,-0.701514223,45.38363178,44.05823976
-0.72,-0.096782038,46.37774709,45.59774293
2.12,0.945844827,45.95524484,48.25192374
-1.43,-1.197176485,46.35608031,44.80690539
2.56,-1.254645954,45.0344066,47.80775471
0.19,1.413018907,44.21106888,44.41690331
-2.09,1.725339296,45.11024033,42.84606161
-1.46,0.529502367,48.44692478,46.86524968
-0.54,0.664048359,49.08609485,48.50109173
-1.39,-0.579341773,50.42943534,48.92359398
-0.43,-0.612808387,50.49443569,50.02859987
2.29,-1.430484157,50.6027696,53.08361615
-1.59,1.487085553,51.28527323,49.56276406
-1.74,-0.314429678,54.00445439,52.11944434
-1.7,1.96813258,57.34113883,55.49946235
-0.46,,54.70862481,54.21028882
-1.98,,56.47446755,54.32945612
-2.06,,60.55865597,58.32697742
3.04,,58.86864697,62.16199785
-1.31,,58.28364385,56.86446962
2.6,,57.40613918,60.22282085
-1.57,,59.59304215,57.90938053
1.29,,58.32761494,59.7110057
0.37,,56.6761252,57.0729117
-0.59,,55.16404693,54.53133333
1.63,,55.08897922,56.83698459
1.07,,59.55014631,60.69760996
-1.58,,60.60109433,58.90670875
-0.53,,63.59307899,63.02470914
1.42,,64.7512666,66.27406883
1.25,,62.32765178,63.6681467
-0.99,,64.6976468,63.63597482
-1.48,,66.71375116,65.12660518
-3.45,,73.43767368,69.7379077
0.58,,72.06500688,72.68699652
1.35,,69.86659521,71.31432972
-2.74,,77.57712199,74.63875712
1.08,,76.3331427,77.49133031
-0.99,,78.79965336,77.73798138
-1.68,,78.59589813,76.79427296
0.97,,79.6575701,80.69779416
-2.14,,83.60398715,81.30905984
0.02,,85.3305446,85.35199252
2.91,,84.82651851,87.94719069
-4.65,,87.53641164,82.55666715
1.68,,90.52425833,92.32339182
2.49,,90.17085711,92.83742996
-2.96,,94.04756141,90.87765955
-1.97,,94.347417,92.2377188
2.6,,91.0490056,93.83337886
0.02,,88.46810577,88.48952402
-0.46,,85.27678565,84.78416576
2.27,,80.56476936,82.9957414
1.23,,78.99052756,80.30775029
-0.91,,82.68517669,81.71064605
-0.67,,87.98619501,87.26868344
-1.4,,88.76796135,87.26868344
-0.81,,89.72107373,88.85363437
-1.98,,90.31007577,88.18966844
-1.44,,93.56565066,92.02353624
-0.84,,93.06232165,92.1627549
-1.29,,94.57230868,93.19083118
1.09,,93.5442324,94.71152735
2.31,,93.04090339,95.51471194
-2.58,,101.810614,99.05868751
-3.7,,103.5599006,99.61333936
-0.36,,102.4185978,102.034608
-0.26,,100.4346508,100.1573248
0.44,,98.8346935,99.30401429
-4.28,,103.2719083,98.70669691
1.38,,103.2825747,104.7545354
0.3,,99.92266444,100.2426559
1.68,,97.12807241,98.92002455
-1.38,,98.81336073,97.34140005
0.33,,97.56539406,97.91738466
-0.46,,99.41067811,98.92002455
2.01,,97.85338637,99.99732911
-1.46,,99.14401857,97.58672683
-1.04,,99.78400147,98.67469777
-2.45,,101.4692898,98.85602626
-0.73,,103.6452317,102.8665858
-0.88,,102.7172565,101.7786149
-1.04,,103.0692471,101.9599434
-2.63,,106.8238134,104.018555
1.42,,106.2584952,107.7731214
-2.24,,109.0424209,106.6531513
3.88,,105.3474922,109.5077799
-1.93,,107.1917434,105.122322
0.74,,107.0094628,107.8029197
-1.06,,107.5777495,106.4411761
0.08,,108.7036006,108.7893797
-2.37,,109.7865621,107.2453554
-1.88,,112.799554,110.7837444
1.57,,112.6923301,114.3757454
-1.4,,113.485787,111.9846522
-3.33,,116.7239491,113.1533929
-2.27,,119.5761051,117.1421223
-5.31,,126.2025428,120.5089531
-0.02,,125.988095,125.9666502
-1.69,,127.6822328,125.8701487
2.9,,119.490326,122.5998194
-1.29,,118.9542064,117.571018
-1.58,,119.5546603,117.8605225
0.66,,122.5462074,123.2538852
0.03,,125.2268052,125.2589724
3.03,,122.0315327,125.2804172
-1.1,,124.0473422,122.8678792
-1.5,,123.4790555,121.8706968
-0.12,,123.3262267,123.1962614
1.74,,120.629447,122.5139436
-1.77,,119.4272681,117.5102801
0.52,,119.6005551,120.163738
1.46,,118.5500024,120.1312467
-0.56,,118.809933,118.2034283
-3.88,,119.990451,115.7882401
2.14,,117.7810411,120.0987554
0.41,,117.26118,117.705228
-3.76,,122.1132173,118.0409717
0.28,,117.9651586,118.2684109
3.26,,116.9795885,120.5103121
2.22,,117.802702,120.2070598
-3.11,,119.2756419,115.9073749
-0.97,,119.1565071,118.1059543
3.74,,117.434467,121.4850518
3.81,,108.4560318,112.5824297
-0.89,,108.1636099,107.1997007
-1.56,,110.697933,109.0083843
1.11,,110.4055111,111.60769
-0.15,,112.7222719,112.5584473
-2.14,,114.0219474,111.6847159
2.91,,112.5038391,115.682037
-1.07,,115.0376601,113.8690444
-0.97,,117.8663655,116.8069662
-2.17,,117.7353058,115.3653094
3.7,,114.2513019,118.2923096
0.39,,113.4867869,113.9127309
0.35,,111.8922271,112.2744846
-0.59,,112.3400144,111.6956375
-1.79,,111.4007532,109.4457792
-1.01,,110.5597867,109.4567008
1.59,,109.3474844,111.0840255
-0.71,,110.1119994,109.3365628
0.37,,111.1277121,111.5318129
1.16,,108.6703426,109.9372531
1.57,,107.283294,108.9979918
1.41,,105.907167,107.4471186
1.51,,104.0068012,105.6559692
2.3,,99.49616289,102.0081407
-0.4,,99.14667033,98.70980463
-1.08,,102.2047302,101.0251928
-0.93,,103.1981672,102.1762944
-0.18,,105.3408037,105.1430219
0.72,,104.3189309,105.1100583
-0.2,,102.6267974,102.4070398
0.78,,103.7255854,104.58264
1.4,,102.9344581,104.4727612
0.91,,102.7037126,103.7036096
2.81,,99.96773051,103.0553247
0.2,,101.2752882,101.4950458
0.93,,100.2314396,101.2533124
0.43,,100.0006941,100.473173
0.79,,97.62731211,98.49535461
0.83,,96.30876653,97.22076056
-0.9,,97.88003334,96.89112416
1.81,,95.69344526,97.68225151
0.19,,95.59455434,95.80332406
0.44,,95.03417247,95.51763919
0.44,,92.78165711,93.26512382
0.75,,91.08952362,91.91361461
2.98,,88.78206886,92.05645705
1.06,,87.90303848,89.06775374
-3.36,,93.08931775,89.39739013
-0.64,,94.2176464,93.5083264
0.66,,94.28414515,95.01563141
2.78,,90.91487513,93.9959839
0.72,,89.49623511,90.29422012
-0.7,,89.72898074,88.95316198
1.6,,88.33250698,90.10580699
-2.28,,93.7299889,91.20303638
1.02,,93.96273453,95.09321329
-0.62,,93.00958577,92.32243201
-0.48,,96.41210517,95.88011517
0.19,,96.44535455,96.65593392
0.91,,95.32595891,96.3345233
0.84,,94.76071953,95.69170204
2.56,,92.06752014,94.90480016
0.42,,92.33351514,92.79900639
1.1,,91.75719263,92.97633639
2.81,,89.20807386,92.32243201
-2.33,,90.58238137,88.00001323
-0.16,,90.30530325,90.12797324
-0.71,,89.91739387,89.13049199
1.74,,88.37683948,90.30530325
-0.99,,88.82245604,87.72204017
1.55,,87.31077364,89.03364696
0.38,,87.09958272,87.52196456
0.22,,87.12181334,87.3663502
-1.12,,87.19962052,85.95470561
1.18,,86.85504586,88.16665264
0.85,,86.65497025,87.59977175
-0.51,,84.96544287,84.39856197
0.89,,83.22033892,84.20960167
0.81,,81.47523498,82.37557523
-0.1,,81.90873214,81.79757902
1.88,,80.77497034,82.86464895
2.12,,78.67417643,81.03062251
1.18,,76.27326909,77.58487588
-1.46,,78.34071707,76.71788156
-0.28,,78.28514052,77.97391179
0.72,,78.52967737,79.32997982
-1.7,,80.21920476,78.32960176
0.53,,79.83016885,80.41928037
-0.06,,81.70148489,81.63446152
1.35,,80.01473014,81.52275591
1.22,,79.45620208,80.81901055
-0.09,,80.42804091,80.32750586
1.18,,77.91466463,79.23279085
0.05,,77.57954779,77.6354006
1.1,,77.57954779,78.80830953
0.01,,79.90302453,79.91419509
-1.23,,80.7184755,79.34449647
-0.23,,80.5174054,80.26048249
-0.26,,81.58977928,81.29934468
0.18,,82.74034708,82.94141719
-0.28,,81.9584078,81.64563208
-0.1,,82.79619989,82.68449428
-0.4,,84.50529576,84.05847331
-0.65,,85.68937525,84.96328877
-1.57,,86.09151545,84.33773734
-0.39,,86.79526081,86.35960892
-0.26,,87.83412301,87.54368842
1.09,,86.43780285,87.65539403
