"","x"
"1",-0.0342843940918596
"2",-0.611324505352264
"3",0.729327925767781
"4",-0.0032090833026332
"5",0.0434699597081397
"6",0.0381066827715123
"7",-0.0504616113210922
"8",-0.175116222270783
"9",0.0962129589773712
"10",0.0829905536805409
"11",-0.176637021161848
"12",-0.0494736449768115
"13",0.337401563912243
"14",0.242347281737658
"15",0.0106479779097649
"16",0.0365787017033902
"17",0.26657403600723
"18",-0.154253467900817
"19",-0.220224706842755
"20",-0.228739445776732
"21",0.185656800639926
"22",-0.0863764372915211
"23",0.674012512002281
"24",-0.188116983462626
"25",0.281104620996082
"26",0.0364648209377754
"27",-0.466886150505212
"28",-0.357963633797132
"29",-0.000378035587904351
"30",0.00498714665769977
"31",0.613765469081038
"32",0.278195638635723
"33",0.223697603487257
"34",-0.0218670771551307
"35",-0.172355354661056
"36",-0.0465276881795438
"37",-0.121520400622764
"38",-0.419578132099836
"39",0.410991403539796
"40",0.295588486282757
"41",-0.0430152955261731
"42",0.262829883615152
"43",0.243402793806427
"44",-0.0302879212511257
"45",0.915736605994034
"46",-0.217954769372892
"47",-0.568189361233948
"48",-0.45998372820861
"49",-0.485046392975839
"50",0.246782926477239
"51",0.580689913446891
"52",0.240687564405542
"53",-0.0635651431677668
"54",0.763665032939378
"55",0.065476584400893
"56",0.25029101076779
"57",0.31091020064824
"58",0.129157363905258
"59",0.749612302390849
"60",-0.0136027769431745
"61",-0.232498674038098
"62",0.168807113502003
"63",0.475849480690251
"64",0.149768957942092
"65",0.255078387178523
"66",-0.316384549294507
"67",0.462186264757399
"68",-0.00733344095313357
"69",0.242469472895606
"70",0.10165342575077
"71",-0.0158331349102139
"72",0.162556270101459
"73",0.705751199060179
"74",0.209871577009802
"75",0.184790959688163
"76",0.0252498675205604
"77",0.271447770868749
"78",-0.0884843467675262
"79",-0.00951807011170652
"80",-0.125981981528463
"81",-0.30391323556872
"82",-0.694520923326187
"83",-0.942200795462088
"84",0.0793215478298846
"85",0.570008237058599
"86",0.0863873354674417
"87",0.287311774012907
"88",0.772363840151529
"89",-0.570850919850675
"90",0.733741577119939
"91",-0.106023830768884
"92",-1.01448648151521
"93",-0.223933245662981
"94",0.0251172379800836
"95",-0.392501672978299
"96",-0.383317800464152
"97",-0.0593884228576031
"98",-0.262234556642226
"99",0.291950117084832
"100",0.184444595281307
"101",-0.13275714389143
"102",0.033015787379249
"103",0.0834456536235849
"104",0.0308806472841841
"105",-0.016828882798789
"106",-0.17252766471682
"107",-0.108262158883001
"108",0.380299594328927
"109",0.421838363076866
"110",-0.25751821674178
"111",-0.273095726634898
"112",-0.185002145269329
"113",-0.227203685208268
"114",-0.0551268947440577
"115",-0.211829901551983
"116",0.284750502113684
"117",0.180592016582613
"118",-0.0527550018867681
"119",-0.0681649123548975
"120",1.07828408174795
"121",0.559073933566038
"122",0.448766086739924
"123",0.609016402266225
"124",0.687172762292644
"125",-0.331625569603527
"126",-0.60452810987796
"127",-0.506965426294298
"128",0.287407105324037
"129",0.11011688293032
"130",-0.163239934063746
"131",-0.000995281633316546
"132",0.122837129831676
"133",-0.121651356908132
"134",0.13249250042676
"135",-0.232943436730997
"136",0.0651816328250861
"137",0.178389923561051
"138",0.120869598644472
"139",0.188677481211937
"140",0.218830169059823
"141",0.031831608206154
"142",0.123014478153021
"143",-0.0752366678502926
"144",-0.0349375961114048
"145",0.0520009161453295
"146",-0.0502966173571664
"147",0.28408917494183
"148",-0.131626979153917
"149",0.273902839526785
"150",0.17537881594345
"151",0.249314378138205
"152",0.0958691641234488
"153",-0.334211162597273
"154",0.293435741134697
"155",0.132026356008208
"156",0.223191629989818
"157",-0.252327625586983
"158",0.0579870482468467
"159",0.296444830993909
"160",-0.00550242201042229
"161",-0.248964444648397
"162",0.198451660328208
"163",0.0124816218115532
"164",-0.556058737072451
"165",0.465965475003803
"166",0.0393616696626347
"167",-0.325893695495814
"168",-0.327850860928673
"169",0.360488182939631
"170",0.263542278469282
"171",0.220031869064566
"172",0.00672403795153749
"173",0.00622436557721023
"174",-0.606223261620107
"175",-0.204242873649553
"176",-0.197613608302168
"177",-0.22174531241055
"178",-0.0927212751332188
"179",-0.29274828483805
"180",-0.149147084441116
"181",-0.438465651940701
"182",-0.361331939333535
"183",-0.13049990181052
"184",0.124063780483651
"185",0.0961140454590848
"186",0.0149950887698616
"187",0.228323158192396
"188",0.688880290142072
"189",-0.176798427658018
"190",0.379065910043914
"191",-0.438503199261305
"192",-0.206931329279397
"193",-0.108173466573308
"194",0.0744944149905868
"195",-0.104625139496052
"196",-0.565238029460454
"197",-1.63930910592594
"198",-0.536121980446241
"199",-0.687431833731094
"200",-0.443006084335418
"201",-0.539574355196345
"202",-0.0641169096632671
"203",-0.327728209576739
"204",0.370441592595522
"205",-0.688863421620274
"206",1.06796458076866
"207",-0.276363984484852
"208",-1.24305570566038
"209",-0.510682748095226
"210",-0.201598737703063
"211",-0.31870141335379
"212",-0.364228875200951
"213",-0.982118251012713
"214",-0.274855076215035
"215",-0.722492799566787
"216",-0.0890012320102013
"217",0.00571616904663053
"218",0.0713127807168388
"219",-0.0568304557815035
"220",-0.22946033917201
"221",0.273929269477778
"222",-0.189154394028857
"223",0.0183420569626433
"224",-0.210151806089021
"225",0.316584181458737
"226",0.483162776323373
"227",-0.141724935842432
"228",-0.452296053100265
"229",-0.449684897398594
"230",-0.0511204862802209
"231",0.977346298741555
"232",-0.137705805081313
"233",-0.0593905065286863
"234",-0.125564002427823
"235",-0.256643828491874
"236",0.69199934839614
"237",-0.378508656224122
"238",0.569910729435348
"239",0.508487313085555
"240",0.199213601865271
"241",0.215030579441996
"242",0.0162070742876269
"243",-0.153039002667469
"244",-0.24725092993819
"245",0.241097492669951
"246",0.272421132075032
"247",-0.0977264437925579
"248",0.0257896721986361
"249",-0.108417777327606
"250",0.00971212299125614
"251",-0.23967844258634
"252",0.313189911815912
"253",0.194940731109371
"254",0.017516580350573
"255",0.165903461495938
"256",0.185857802167903
"257",-0.0444218685893406
"258",-0.0399257239129771
"259",-0.403438121682546
"260",-0.183090337155773
"261",0.311583065996801
"262",0.565848401914018
"263",-0.210906906168352
"264",0.670890696123294
"265",-0.210846704937845
"266",-0.292879968877887
"267",-0.425867507707857
"268",0.290643287009827
"269",-0.48854433352363
"270",0.558400657131506
"271",0.195226326479412
"272",-0.546087344043345
"273",0.277162283970025
"274",0.544475056376381
"275",-0.514477748438492
"276",-0.34997336663516
"277",-1.00078069766048
"278",-0.850747850383515
"279",-0.16729888036808
"280",0.362685468369302
"281",-0.321445436147974
"282",-0.296815739804276
"283",-0.565664792797019
"284",-0.0595690059169791
"285",-1.12137928032871
"286",-0.733457397234833
"287",-1.167234679852
"288",-0.25539855820141
"289",-0.554722734685475
"290",-0.0211177200036166
"291",0.244223683436638
"292",-0.00523246105197264
"293",-0.00947321840645981
"294",0.212054077356784
"295",-1.12258355363922
"296",0.0101744366322794
"297",0.152762711482462
"298",-0.246421831277567
"299",0.156045084955454
"300",0.802410833122997
"301",-0.359504401553907
"302",-0.606608911969063
"303",-0.591164751258778
"304",0.335849536304865
"305",-0.328985457041012
"306",-0.237504124093297
"307",0.2401291920855
"308",0.459687121955978
"309",0.00340424130980926
"310",0.435477421619525
"311",-0.39185574111952
"312",-0.324745097250109
"313",0.165599192683488
"314",-0.640308493112772
"315",-0.250520149143023
"316",0.661402513123676
"317",0.0901019685647416
"318",0.283629266689731
"319",-0.386257528834437
"320",-0.122234254015537
"321",-0.353085678957821
"322",0.432750274457914
"323",0.127274121328021
"324",-0.0984276706123695
"325",0.295236422218298
"326",0.193967826982499
"327",-0.746981795534419
"328",-1.41756429770043
"329",-0.18084958401268
"330",-0.241130529065138
"331",-0.0328328528617602
"332",0.137950756690287
"333",0.195008150791139
"334",0.175548149772746
"335",0.201000713389008
"336",0.623230737551962
"337",0.311886677065806
"338",-0.127875891658054
"339",-0.347830638651618
"340",0.353302899554505
"341",-0.409114067520144
"342",-0.430901681749566
"343",-0.432341450203247
"344",0.243401348872326
"345",0.699640881954387
"346",0.369055982003034
"347",0.588682760679865
"348",0.247417359287501
"349",0.496085530330822
"350",0.481958970579985
"351",-0.246005622213367
"352",0.0820646130552047
"353",0.493175066956425
"354",0.0860729057625217
"355",-0.385531309399199
"356",-0.314398137005202
"357",0.543753974003435
"358",0.391577410936207
"359",-1.04980981251247
"360",-0.925537749296485
"361",0.511139570814422
"362",0.0957857871296641
"363",0.564632861882713
"364",0.754907152092952
"365",0.0142195783085203
"366",0.352328920436636
"367",0.279879130231074
"368",-0.53733390246913
"369",1.70900391214939
"370",1.39230748128104
"371",0.0252809821150867
"372",-0.224941616807137
"373",0.0253213055748719
"374",-0.676004641395909
"375",0.172124603623995
"376",0.424354736433385
"377",-0.659960781328154
"378",-0.279037446890549
"379",-0.443855336866632
"380",0.70041985186664
"381",-0.135068510457881
"382",0.656423855280293
"383",-0.289517650693907
"384",0.137979246117527
"385",-0.82240731786831
"386",0.341933083693123
"387",0.328840704829621
"388",-0.128084933980107
"389",0.275038370905873
"390",-0.014239129400165
"391",-1.14102467446978
"392",0.259518972999572
"393",0.841121605854414
"394",-0.680720669070926
"395",0.181879568679485
"396",-0.255548189985408
"397",-0.240280156110227
"398",0.261640885264783
"399",-0.0983664653932949
"400",0.173362730969808
"401",0.128864082384949
"402",1.0050742072325
"403",0.855226102430434
"404",-0.0140051721944533
"405",-0.439366085117204
"406",-0.120361002078158
"407",0.0146204238632177
"408",-0.870419486755065
"409",0.263772687352422
"410",0.331548824345639
"411",-0.114979220411568
"412",0.318435277788695
"413",-0.13204844213516
"414",-0.0989777273381833
"415",-0.223147306762755
"416",-0.301329723986175
"417",-0.0458671761592169
"418",-0.488840334007385
"419",0.232141615614602
"420",0.566217842324073
"421",-0.203288522509958
"422",-0.397598177574959
"423",0.306579147948006
"424",0.270832280785916
"425",0.576129026409057
"426",0.11853422716934
"427",0.0523563081420803
"428",-0.233172341707391
"429",-0.441569159319375
"430",0.15260769824572
"431",0.46689377361746
"432",0.302178825801505
"433",0.252239253483019
"434",-0.134747070081531
"435",0.0233288836389175
"436",1.104773451966
"437",-0.385720078085132
"438",0.504552536179605
"439",-0.274517674302662
"440",0.412789505980136
"441",0.173087650015717
"442",0.188434100476433
"443",-0.378368752577832
"444",-1.07365822371391
"445",0.384733263116441
"446",0.524851254923052
"447",-0.120426454882082
"448",0.321542745496486
"449",0.712677158081213
"450",-0.391801993592439
"451",-0.130965063412308
"452",0.242868608944644
"453",0.205093289365218
"454",1.31850722222151
"455",-0.31059549400213
"456",-0.835397966626684
"457",-0.299204768285852
"458",0.531096597121036
"459",1.4956504176938
"460",0.442341037805359
"461",0.262031096478494
"462",-0.625325796996899
"463",0.378365858429883
"464",0.743695502683715
"465",-0.590912425500499
"466",0.404891772682803
"467",-0.139903121979454
"468",-0.245550071407588
"469",-0.55036288707722
"470",-0.10483832768702
"471",0.140166149564237
"472",0.159205925714726
"473",-0.734434366808633
"474",0.282880056503399
"475",-0.412899070716574
"476",0.120740063563221
"477",-0.409221841806336
"478",-0.0655635640027719
"479",0.138525628187631
"480",0.524576057795436
"481",0.825784645593667
"482",-0.519988741621459
"483",0.555011253559038
"484",0.191885948076701
"485",-0.417902368194065
"486",-1.07943866231094
"487",-0.73882141766744
"488",-1.08426206148897
"489",0.955181968095855
"490",-0.227983687818017
"491",0.00190143973391801
"492",0.322707793998052
"493",0.179919404860568
"494",0.309775507485003
"495",-0.243353518260354
"496",-0.71144768673103
"497",0.142315023545267
"498",-0.00531908791769585
"499",-0.195594628581205
"500",-1.37707661517391
"501",0.119190238476021
"502",-1.15664175129282
"503",-0.365199942053342
"504",0.174987102615052
"505",0.618635045821807
"506",0.0681960857546722
"507",0.256350679563554
"508",0.460060576207633
"509",-0.293367728949591
"510",-0.299329471667023
"511",0.203542719572999
"512",0.568793234575956
"513",0.298001829257063
"514",0.525402785929961
"515",0.147028609079014
"516",-0.199843754463777
"517",-0.690087045441523
"518",-0.323402752763399
"519",-0.267010420217341
"520",-0.487011457358753
"521",-0.189750889512082
"522",-0.39418568170491
"523",0.103561530093387
"524",0.0928024425290501
"525",0.500453474732953
"526",0.398408669301394
"527",-0.629538961663475
"528",-0.526329930171759
"529",0.967628807336856
"530",0.0815590763767088
"531",-0.657909918893347
"532",-0.443825798979565
"533",0.372417530848436
"534",0.453481711902371
"535",-0.18530197411452
"536",-0.499724383611877
"537",0.623564471139747
"538",0.363360778385898
"539",-1.05179732233423
"540",0.689554731575265
"541",-0.082156618370466
"542",0.120141165969064
"543",-0.823085561516552
"544",-0.34534687485934
"545",-0.445521849616965
"546",0.859651828795817
"547",-0.604464183067836
"548",-0.057037532117119
"549",-0.504285020727647
"550",-1.59355829498359
"551",-0.146129257841256
"552",-1.4878349403134
"553",-1.04997787591824
"554",-1.49045248357432
"555",0.940170015943055
"556",0.690077158405249
"557",0.926232193170605
"558",0.556754131326832
"559",1.46440691639595
"560",0.391758928033855
"561",0.321488224649272
"562",0.117287366396299
"563",-0.507168425237117
"564",0.211888740841445
"565",-0.0239409693819696
"566",-0.358386175970867
"567",1.32129972972601
"568",-0.782822289099015
"569",-1.7274003950676
"570",2.86858198947152
"571",2.02414767194011
"572",-1.1540931353425
"573",-0.796423825989181
"574",1.77002654401645
"575",1.26742982430241
"576",0.800962878207623
"577",0.101726850823585
"578",-0.660372489139336
"579",-0.596967098569278
"580",-0.107505488387607
"581",0.464967813658835
"582",0.145337923189463
"583",0.707603895855716
"584",0.108537058770282
"585",-0.487565862390413
"586",0.132846014356334
"587",0.19508522191041
"588",0.147501010254133
"589",0.151378266672363
"590",-0.351669192444479
"591",-0.0539227162671088
"592",1.07739746632659
"593",0.985311702126773
"594",-0.413096865491849
"595",-0.959043720847981
"596",0.577215637261244
"597",0.309652102791404
"598",0.576587075195299
"599",0.370917276540204
"600",-0.0212705323833305
"601",-0.922587477938417
"602",0.370034799131191
"603",0.145884495593998
"604",-0.519090737415109
"605",-0.148719529136949
"606",-0.190683073440784
"607",-0.774860403997702
"608",0.409699999071004
"609",-0.0194963972847517
"610",-0.343331975019337
"611",-0.885212475130026
"612",-2.13968794859879
"613",1.00390888156231
"614",-0.444189423892154
"615",-0.204697214913381
"616",1.55642651707363
"617",0.0461916366988956
"618",-0.139734265044975
"619",-0.257379237319448
"620",-0.292916259132421
"621",-0.0575934290587616
"622",0.605348883491972
"623",-0.151413089101118
"624",-0.443810016168424
"625",0.194543130487807
"626",2.04801724969378
"627",-0.353581442376389
"628",0.729873920763138
"629",0.306819947830276
"630",-0.521495911117762
"631",0.0733421716534675
"632",-0.138947083708581
"633",0.537539571984909
"634",0.0919654904069314
"635",0.46854780664477
"636",0.460658423630926
"637",-0.0828892605997818
"638",0.635218131343383
"639",-0.309050052134277
"640",-1.27088218311897
"641",-1.45055298821044
"642",-0.0594814303074431
"643",0.253891425764136
"644",-0.102615643953185
"645",0.409287101926457
"646",0.630513969582839
"647",0.327476894066245
"648",0.537260114538451
"649",0.21017842514208
"650",0.755820272447319
"651",-0.553291495555617
"652",-0.55094419511509
"653",0.429494221997186
"654",-0.333045895927055
"655",-0.220272223820015
"656",0.774919100202791
"657",-0.0883521731620566
"658",-0.224697692884175
"659",0.340313066095252
"660",0.0351069257161152
"661",0.0841473806770048
"662",0.0232560158082524
"663",-0.619626562084311
"664",0.215782761689008
"665",-0.167787708609654
"666",0.0179866922667704
"667",0.0861106385387663
"668",-0.313187147381319
"669",-0.0180275125254798
"670",0.626649748841099
"671",0.0837337998278134
"672",0.840381568794193
"673",0.759629787413985
"674",0.509451923245516
"675",0.354932591608128
"676",0.00202321796719755
"677",0.0486526655154112
"678",-0.206364345979853
"679",0.0361424200003419
"680",0.395530759670607
"681",0.428346284514154
"682",0.0955011193573808
"683",-1.35229270534243
"684",-0.755441341630449
"685",0.651441412300955
"686",1.23343011756271
"687",-0.403264742958309
"688",-0.0910008272271813
"689",-0.129525379834902
"690",0.0148273657479494
"691",-0.28661174255797
"692",0.659701170919594
"693",0.597969533222782
"694",-0.341535081632901
"695",1.76048582028909
"696",0.536026186395436
"697",-0.388236167234017
"698",-0.345548689271065
"699",-0.60681012412555
"700",-0.459715475850321
"701",-0.0751960322611529
"702",0.0874379497553025
"703",1.57474349932199
"704",-0.0627385258434381
"705",0.070879918317871
"706",-0.131588449176225
"707",0.670813925228824
"708",-0.442088374397819
"709",-0.904541319352225
"710",-0.119493810771441
"711",1.11809960126422
"712",-0.144525471041513
"713",1.24509498497711
"714",-0.372720528732465
"715",0.00660758397622378
"716",0.609743190455355
"717",-0.222923340834972
"718",0.0815720765805128
"719",0.00405363956868892
"720",-1.06200688379797
"721",0.460470186622819
"722",-0.88699789149195
"723",0.359250624238056
"724",0.0303450242486102
"725",-0.392510935299661
"726",-0.0209103091844009
"727",-0.805486326671237
"728",-0.352079330523791
"729",0.0817322810459541
"730",-0.37070516950753
"731",-1.1090081761588
"732",0.315274790471902
"733",0.162170577973038
"734",-0.678700944563394
"735",0.302569323350705
"736",0.409364139248089
"737",0.745863066442854
"738",0.0434535674094532
"739",0.49373240798092
"740",-0.0556562366239564
"741",-0.329287498442176
"742",0.409776754616868
"743",-0.14269347861164
"744",-1.1687949994104
"745",-0.0663507412406509
"746",0.23162147270784
"747",-0.577678600395095
"748",0.163629962750689
"749",-0.361529618854674
"750",0.122355552701274
"751",0.291729095929261
"752",0.223760710124491
"753",0.16040246639384
"754",0.0240082963379742
"755",-0.491325001279219
"756",0.088456905560153
"757",-0.00411039882922725
"758",-0.220142431622768
"759",0.693545026057497
"760",0.544905660198521
"761",0.223266044623585
"762",0.0854295150169217
"763",-0.723285277327196
"764",-0.340772314319764
"765",-0.395376692329206
"766",-0.820506926747294
"767",-0.859135578175375
"768",-0.389384283449912
"769",-0.818483517829891
"770",-0.410154957897838
"771",0.500649889001201
"772",0.40731857413882
"773",0.349273107727542
"774",-0.202000874139483
"775",-0.0625523956187946
"776",-0.301330766838409
"777",-0.115785812817273
"778",-0.203008682521364
"779",-0.560432906486386
"780",0.915238450961199
"781",0.267756049140885
"782",-0.299064970201644
"783",-0.284438911743306
"784",-0.331755710079494
"785",0.175915994321399
"786",-0.17577550618824
"787",0.00484645123546388
"788",0.311150444835407
"789",-1.05615095764205
"790",0.322377204191307
"791",0.735289767642301
"792",-0.182709212377045
"793",0.611613335879245
"794",-0.206072960496653
"795",-0.313209076218334
"796",-0.476336837380521
"797",0.383500158166856
"798",0.0582893539530513
"799",-0.676748766664437
"800",0.0455438395831918
"801",-0.969162847197807
"802",-0.314002977265043
"803",-0.556525145928706
"804",-0.237195196722445
"805",-0.476794792252585
"806",1.14801498518895
"807",-0.0246663105607767
"808",0.753350239983607
"809",-0.920508070088207
"810",-2.02383571117158
"811",0.296824475106918
"812",0.0607843695395772
"813",0.421400719619361
"814",0.570823583152926
"815",0.27184358667785
"816",-0.33563014200663
"817",0.114323478030655
"818",0.315855720507908
"819",-0.0193119054419852
"820",0.416303762084973
"821",-0.295375906221423
"822",-0.475080190937298
"823",0.169925166767103
"824",0.314690615705527
"825",0.221118199011625
"826",1.61862049769612
"827",-0.911993246359484
"828",2.05637387160666
"829",0.198155202636715
"830",0.971410925368362
"831",0.522478314054772
"832",-0.474210652064529
"833",1.81288452558034
"834",1.04655799677823
"835",0.137422942123465
"836",-0.759097504008426
"837",-0.373748649076447
"838",0.119807387611602
"839",-0.759046989842044
"840",0.357476424341802
"841",0.437486750257762
"842",-0.412299147300296
"843",-0.452023464728159
"844",0.724042711283241
"845",0.288529914301908
"846",0.121259923574882
"847",0.0189711777242444
"848",-0.502227740421438
"849",-0.0246671545001025
"850",0.449996771177476
"851",0.913613015391603
"852",-0.582033104380738
"853",0.344029558103095
"854",0.177135777982935
"855",0.487940404599571
"856",0.278890024353515
"857",0.220035038820078
"858",0.989127335816277
"859",0.026388326983705
"860",0.0790287619979936
"861",-0.126790256827494
"862",-0.12740148960649
"863",0.107423792865698
"864",0.239573284911835
"865",0.249987463703644
"866",-0.387791196388847
"867",0.304208088970569
"868",0.686758928911906
"869",0.949301026913194
"870",-0.632309613982673
"871",-0.907578389576483
"872",0.128617383039521
"873",0.313811359474731
"874",-0.292083092436146
"875",0.0442672424977526
"876",-0.229973988652339
"877",-0.265758543247995
"878",0.389302014211792
"879",0.137251439607268
"880",-0.706619756376816
"881",0.226620425116066
"882",-0.0638964651346565
"883",-0.565412418664751
"884",0.110901080102153
"885",-0.649938723838792
"886",0.0915020476235542
"887",-0.0147117542171581
"888",-0.74046326593446
"889",0.123280045752768
"890",1.07820750095719
"891",-0.121521676773739
"892",-0.479788149708456
"893",-0.243700656297982
"894",0.32510313212194
"895",0.247814357487862
"896",0.115021242506499
"897",-0.336490244672939
"898",0.503485537103019
"899",-0.822085450168715
"900",0.914190916980007
"901",0.167329473811504
"902",-0.841649860649569
"903",0.0121604999560712
"904",0.592518004962783
"905",-0.180798808080446
"906",-0.471766651940153
"907",0.619046752063184
"908",0.33967946192908
"909",-0.351986630889028
"910",-0.0495018978025661
"911",-0.0366546438754201
"912",1.29860704951626
"913",0.691471490247826
"914",-0.49566587084818
"915",0.837575582481717
"916",0.081556038584937
"917",-0.524606176556917
"918",-0.280368789505122
"919",-0.217417997115023
"920",-1.1029769080853
"921",0.862372075040877
"922",-0.213660495301713
"923",-0.462270492376231
"924",0.758265361336918
"925",-0.324178016060147
"926",0.106836898014454
"927",1.27851495576923
"928",-0.213030971913985
"929",-0.293380472498609
"930",0.909946963442497
"931",0.364222615354538
"932",0.575393354594295
"933",-1.14753150430783
"934",-0.313082839169887
"935",0.107396975204651
"936",1.44689159166161
"937",-0.255150118734536
"938",0.751457047730258
"939",-0.752013720659555
"940",0.547267477670648
"941",0.256042517566029
"942",-0.647130635988545
"943",0.469681004020845
"944",0.566922061833962
"945",0.276433968483459
"946",-0.274645079742042
"947",-0.105551466630454
"948",0.488006547391492
"949",0.573501451723474
"950",-0.236651486988374
"951",0.698269562518051
"952",1.23174979150346
"953",0.33685838658128
"954",0.219581667321828
"955",0.220909820247012
"956",-0.203829452346426
"957",0.46101320481572
"958",0.780379590930617
"959",0.619438767133431
"960",0.432468739306488
"961",-0.701211464865314
"962",0.856278194524477
"963",-0.579666217415136
"964",-0.962618433025612
"965",-0.0521132042154787
"966",-0.265858739687173
"967",-0.339389440981448
"968",0.297756834865651
"969",0.623736786248483
"970",-0.683722282462748
"971",0.927674474605409
"972",-0.0585654544744652
"973",-0.258692557665247
"974",-0.0613298090623744
"975",-1.043994513025
"976",-1.52232347132158
"977",-2.56288968998538
"978",-2.33090998183064
"979",-1.70095789301059
"980",-1.12634220746411
"981",1.2764575441
"982",-0.27521941276312
"983",-0.0132314321046652
"984",-0.0501032229667122
"985",-0.488911589950106
"986",-0.140690693804375
"987",-0.64207656772588
"988",-0.315874329384635
"989",1.49880325528649
"990",-0.0730902709248172
"991",1.1399215904163
"992",4.46241262349679
"993",0.155497565650313
"994",0.162560397393903
"995",-1.20614731061766
"996",0.383748915524648
"997",1.16395169323058
"998",-0.630898203914573
"999",0.0523069512158382
"1000",-0.631809453576434
"1001",1.17676571010858
"1002",0.104342667791543
"1003",0.385985177183944
"1004",0.224146029476007
"1005",-0.491840374676136
"1006",-0.283557283876178
"1007",-0.324269194483181
"1008",1.31354581901531
"1009",1.13675073743262
"1010",0.92583798404238
"1011",-0.159728185613389
"1012",-0.158691001634263
"1013",0.460958955914439
"1014",-0.0127707227987362
"1015",0.379395496305439
"1016",0.528831041159702
"1017",1.18424687144784
"1018",0.175478526463857
"1019",-0.507661215979628
"1020",1.51544513769646
"1021",-0.216759010430649
"1022",-0.908843043965735
"1023",-1.75104606845474
"1024",0.0205098100104042
"1025",0.149844309642559
"1026",0.715953835510932
"1027",0.0491674192435976
"1028",-0.409556055271079
"1029",-0.446963503454095
"1030",0.853476738603318
"1031",0.04951217663949
"1032",-0.0949999252666321
"1033",-0.741099129318943
"1034",0.319575979990501
"1035",0.852334493497757
"1036",-0.104305225408788
"1037",0.249430925881294
"1038",-0.109835281492227
"1039",0.709729569190446
"1040",-0.0113212060331269
"1041",-1.1769064027356
"1042",0.733269090804135
"1043",0.885087078520902
"1044",0.0824593797739475
"1045",0.44375067084413
"1046",1.01471310543698
"1047",-0.22751535807636
"1048",-1.0854809740993
"1049",-0.0268777152072402
"1050",-0.735592671203515
"1051",-0.407486451335557
"1052",-0.57342697111395
"1053",-0.482789172433528
"1054",-0.327134412964724
"1055",0.455956840287871
"1056",0.401161661927055
"1057",-0.146151770252886
"1058",0.366417320309389
"1059",0.0951169294125789
"1060",-0.067486512678294
"1061",-0.325943120781353
"1062",-0.496301815409268
"1063",0.60966327645462
"1064",-1.16184657393581
"1065",1.00858235689246
"1066",1.05702240807204
"1067",0.79092715444275
"1068",0.136530501943035
"1069",-1.46340252014223
"1070",-0.0877340462984778
"1071",-0.455400900726821
"1072",0.487551050979221
"1073",-0.0706909146546537
"1074",0.609392019600786
"1075",0.294558832838928
"1076",-0.107861724574236
"1077",-0.189752621506604
"1078",0.732296152790663
"1079",0.609336831567828
"1080",0.825871885810582
"1081",-0.331833559762362
"1082",0.809220633605127
"1083",0.869748550357409
"1084",0.117255904514631
"1085",0.458733801664472
"1086",-0.70194897866412
"1087",-0.993858096801679
"1088",-1.07583685826874
"1089",-0.227816801102583
"1090",0.000193869851577044
"1091",0.706414053506982
"1092",0.475550972189047
"1093",1.26534465563633
"1094",1.71448119510562
"1095",0.830648554726615
"1096",0.572488427422766
"1097",0.0624450507852722
"1098",-0.103033792039277
"1099",-0.768307640318127
"1100",0.224037943099137
"1101",0.0911112367373574
"1102",0.202278667005247
"1103",0.0398663928365682
"1104",0.388615400563712
"1105",-0.996928825431131
"1106",-1.00355373718106
"1107",-0.894419885087346
"1108",-0.64417280571797
"1109",-2.27570583534735
"1110",-0.526188468406421
"1111",5.73497491101443
"1112",-0.125295796582581
"1113",-1.87618866192939
"1114",-0.185265057275635
"1115",2.05434850406731
"1116",-0.866541710116171
"1117",3.06408054673044
"1118",1.67150250385211
"1119",-1.37191858974042
"1120",-0.44498326862852
"1121",-2.13731472886006
"1122",0.547261782070133
"1123",-0.69560105434471
"1124",0.157431874762194
"1125",-1.19057258827911
"1126",-2.52734769916135
"1127",-0.258195213361777
"1128",-1.05236333162455
"1129",0.301399544350131
"1130",-2.66749263753358
"1131",0.374469960819036
"1132",-1.5482796030707
"1133",-0.529137930688009
"1134",0.36287462345363
"1135",0.403778624049877
"1136",-0.755461448420884
"1137",-0.0478207882660688
"1138",1.81917283224892
"1139",2.20770123292506
"1140",3.61915671524109
"1141",0.311872238510314
"1142",0.0122084572845807
"1143",-1.73535837674509
"1144",-2.4664058229568
"1145",-0.236796264914021
"1146",-0.0238935807877916
"1147",0.186444694831734
"1148",1.05382683134604
"1149",-0.419765665464876
"1150",-0.219102724898499
"1151",-1.27747932119234
"1152",-2.27409216815992
"1153",-2.96874478694439
"1154",0.804076237077957
"1155",-0.354847051392369
"1156",-0.60138051392044
"1157",0.415794498711682
"1158",-0.727112413576724
"1159",-1.99769259159637
"1160",1.03635049583421
"1161",-1.57674241579179
"1162",0.841957005747656
"1163",2.63432560233177
"1164",-2.22835398871294
"1165",-1.65742557574788
"1166",-3.49196520916186
"1167",-2.24240017655822
"1168",1.22538083354476
"1169",-0.0354419589286309
"1170",-0.525265921417639
"1171",-1.96825401361187
"1172",-0.312153698949815
"1173",-0.678338509940792
"1174",0.932672431150357
"1175",-2.04182858224535
"1176",-2.20428066126882
"1177",-0.746146739377801
"1178",-2.10286199700093
"1179",-5.16587842046697
"1180",0.38585733576273
"1181",-0.670808984099765
"1182",-0.548804951016804
"1183",0.130170771499805
"1184",0.197217052682654
"1185",-2.15098392877345
"1186",-0.701514223202654
"1187",-0.096782037892667
"1188",0.945844826715072
"1189",-1.19717648496658
"1190",-1.25464595436912
"1191",1.4130189069396
"1192",1.72533929555917
"1193",0.529502367012043
"1194",0.664048358541652
"1195",-0.579341772966762
"1196",-0.612808387384856
"1197",-1.43048415685447
"1198",1.48708555292332
"1199",-0.314429677891609
"1200",1.96813258004348
